,name,rating,genre,year,released,score,votes,director,writer,star,country,budget,gross,company,runtime,movie_tag,fan_fic,lang
0,Inception,PG-13,Action,2010,"July 16, 2010 (United States)",8.8,2100000.0,Christopher Nolan,Christopher Nolan,Leonardo DiCaprio,United States,160000000.0,836836967.0,Warner Bros.,148.0,Inception (2010),10226,en
1,Shutter Island,R,Mystery,2010,"February 19, 2010 (United States)",8.2,1200000.0,Martin Scorsese,Laeta Kalogridis,Leonardo DiCaprio,United States,80000000.0,294805697.0,Paramount Pictures,138.0,Shutter Island (2010),27,en
2,Scott Pilgrim vs. the World,PG-13,Action,2010,"August 13, 2010 (United States)",7.5,394000.0,Edgar Wright,Michael Bacall,Michael Cera,United States,60000000.0,48917974.0,Universal Pictures,112.0,Scott Pilgrim vs. the World (2010),150,en
3,Black Swan,R,Drama,2010,"December 17, 2010 (United States)",8.0,716000.0,Darren Aronofsky,Mark Heyman,Natalie Portman,United States,13000000.0,329398046.0,Fox Searchlight Pictures,108.0,Black Swan (2010),98,en
4,The Town,R,Crime,2010,"September 17, 2010 (United States)",7.5,363000.0,Ben Affleck,Peter Craig,Ben Affleck,United States,37000000.0,154026136.0,Warner Bros.,125.0,The Town (2010),63,en
5,The Social Network,PG-13,Biography,2010,"October 1, 2010 (United States)",7.7,645000.0,David Fincher,Aaron Sorkin,Jesse Eisenberg,United States,40000000.0,224920375.0,Columbia Pictures,120.0,The Social Network (2010),2419,en
6,Tangled,PG,Animation,2010,"November 24, 2010 (United States)",7.7,417000.0,Nathan Greno,Dan Fogelman,Mandy Moore,United States,260000000.0,592462816.0,Walt Disney Animation Studios,100.0,Tangled (2010),4146,en
7,I Spit on Your Grave,R,Horror,2010,"January 20, 2011 (Argentina)",6.3,79000.0,Steven R. Monroe,Adam Rockoff,Sarah Butler,United States,2000000.0,1278650.0,Cinetel Films,108.0,I Spit on Your Grave (2010),2,en
8,Love & Other Drugs,R,Comedy,2010,"November 24, 2010 (United States)",6.7,186000.0,Edward Zwick,Charles Randolph,Jake Gyllenhaal,United States,30000000.0,102820008.0,Fox 2000 Pictures,112.0,Love & Other Drugs (2010),2,en
9,The Tourist,PG-13,Action,2010,"December 10, 2010 (United States)",6.0,230000.0,Florian Henckel von Donnersmarck,Florian Henckel von Donnersmarck,Johnny Depp,United States,100000000.0,278780441.0,GK Films,103.0,The Tourist (2010),18,en
10,Clash of the Titans,PG-13,Action,2010,"April 2, 2010 (United States)",5.8,274000.0,Louis Leterrier,Travis Beacham,Sam Worthington,United States,125000000.0,493214993.0,Warner Bros.,106.0,Clash of the Titans (2010),94,en
11,The Book of Eli,R,Action,2010,"January 15, 2010 (United States)",6.9,300000.0,Albert Hughes,Gary Whitta,Denzel Washington,United States,80000000.0,157107755.0,Alcon Entertainment,118.0,The Book of Eli (2010),8,en
12,Knight and Day,PG-13,Action,2010,"June 23, 2010 (United States)",6.3,184000.0,James Mangold,Patrick O'Neill,Tom Cruise,United States,117000000.0,261989769.0,Twentieth Century Fox,109.0,Knight and Day (2010),21,en
13,The Other Guys,PG-13,Action,2010,"August 6, 2010 (United States)",6.6,249000.0,Adam McKay,Adam McKay,Will Ferrell,United States,100000000.0,170458922.0,Columbia Pictures,107.0,The Other Guys (2010),1,en
14,Life as We Know It,PG-13,Comedy,2010,"October 8, 2010 (United States)",6.5,126000.0,Greg Berlanti,Ian Deitchman,Katherine Heigl,United States,38000000.0,105734416.0,Josephson Entertainment,114.0,Life as We Know It (2010),3,en
15,The King's Speech,R,Biography,2010,"December 25, 2010 (United States)",8.0,651000.0,Tom Hooper,David Seidler,Colin Firth,United Kingdom,15000000.0,427374317.0,The Weinstein Company,118.0,The King's Speech (2010),85,en
16,The Fighter,R,Biography,2010,"December 17, 2010 (United States)",7.8,348000.0,David O. Russell,Scott Silver,Mark Wahlberg,United States,25000000.0,129190869.0,Closest to the Hole Productions,116.0,The Fighter (2010),2,en
17,The Losers,PG-13,Action,2010,"April 23, 2010 (United States)",6.3,94000.0,Sylvain White,Peter Berg,Idris Elba,United States,25000000.0,29397654.0,Warner Bros.,97.0,The Losers (2010),2161,en
18,Eat Pray Love,PG-13,Biography,2010,"August 13, 2010 (United States)",5.8,92000.0,Ryan Murphy,Ryan Murphy,Julia Roberts,United States,60000000.0,204594016.0,Columbia Pictures,133.0,Eat Pray Love (2010),1,en
19,The A-Team,PG-13,Action,2010,"June 11, 2010 (United States)",6.7,250000.0,Joe Carnahan,Joe Carnahan,Liam Neeson,United States,110000000.0,177238796.0,Twentieth Century Fox,117.0,The A-Team (2010),807,en
20,Hot Tub Time Machine,R,Comedy,2010,"March 26, 2010 (United States)",6.4,165000.0,Steve Pink,Josh Heald,John Cusack,United States,36000000.0,64780213.0,Metro-Goldwyn-Mayer (MGM),101.0,Hot Tub Time Machine (2010),30,en
21,Predators,R,Action,2010,"July 9, 2010 (United States)",6.4,216000.0,Nimród Antal,Alex Litvak,Adrien Brody,United States,40000000.0,127233108.0,Twentieth Century Fox,107.0,Predators (2010),480,en
22,Jonah Hex,PG-13,Action,2010,"June 18, 2010 (United States)",4.7,56000.0,Jimmy Hayward,Mark Neveldine,Josh Brolin,United States,47000000.0,10903312.0,Warner Bros.,81.0,Jonah Hex (2010),17,en
23,Morning Glory,PG-13,Comedy,2010,"November 10, 2010 (United States)",6.5,76000.0,Roger Michell,Aline Brosh McKenna,Rachel McAdams,United States,40000000.0,60040976.0,Bad Robot,107.0,Morning Glory (2010),2,en
24,Winter's Bone,R,Drama,2010,"July 16, 2010 (United States)",7.2,138000.0,Debra Granik,Debra Granik,Jennifer Lawrence,United States,2000000.0,13796834.0,Anonymous Content,100.0,Winter's Bone (2010),8,en
25,A Nightmare on Elm Street,R,Crime,2010,"April 30, 2010 (United States)",5.2,95000.0,Samuel Bayer,Wesley Strick,Jackie Earle Haley,United States,35000000.0,115695182.0,New Line Cinema,95.0,A Nightmare on Elm Street (2010),247,en
26,The Crazies,R,Horror,2010,"February 26, 2010 (United States)",6.5,114000.0,Breck Eisner,Scott Kosar,Radha Mitchell,United States,20000000.0,54806823.0,Overture Films,101.0,The Crazies (2010),6,en
27,The Kids Are All Right,R,Comedy,2010,"July 30, 2010 (United States)",7.0,127000.0,Lisa Cholodenko,Lisa Cholodenko,Annette Bening,United States,4000000.0,34758951.0,Focus Features,106.0,The Kids Are All Right (2010),2,en
28,Leap Year,PG,Comedy,2010,"January 8, 2010 (United States)",6.5,99000.0,Anand Tucker,Deborah Kaplan,Amy Adams,United States,19000000.0,32686500.0,Universal Pictures,100.0,Leap Year (2010),7,en
29,The Runaways,R,Biography,2010,"April 8, 2010 (Malaysia)",6.5,47000.0,Floria Sigismondi,Floria Sigismondi,Kristen Stewart,United States,10000000.0,4681651.0,River Road Entertainment,106.0,The Runaways (2010),20,en
30,Ramona and Beezus,G,Comedy,2010,"July 23, 2010 (United States)",6.5,18000.0,Elizabeth Allen Rosenbaum,Laurie Craig,Joey King,United States,15000000.0,27293743.0,Fox 2000 Pictures,103.0,Ramona and Beezus (2010),1,en
31,Valentine's Day,PG-13,Comedy,2010,"February 12, 2010 (United States)",5.7,116000.0,Garry Marshall,Katherine Fugate,Julia Roberts,United States,52000000.0,216485654.0,New Line Cinema,125.0,Valentine's Day (2010),48,en
32,Get Him to the Greek,R,Comedy,2010,"June 4, 2010 (United States)",6.3,172000.0,Nicholas Stoller,Nicholas Stoller,Jonah Hill,United States,40000000.0,91720255.0,Universal Pictures,109.0,Get Him to the Greek (2010),4,en
33,Tooth Fairy,PG,Comedy,2010,"January 22, 2010 (United States)",5.0,44000.0,Michael Lembeck,Lowell Ganz,Dwayne Johnson,United States,48000000.0,112462508.0,Twentieth Century Fox,101.0,Tooth Fairy (2010),3,en
34,The Last Song,PG,Drama,2010,"March 31, 2010 (United States)",6.0,83000.0,Julie Anne Robinson,Nicholas Sparks,Miley Cyrus,United States,20000000.0,89137047.0,Touchstone Pictures,107.0,The Last Song (2010),2,en
35,Cop Out,R,Action,2010,"February 26, 2010 (United States)",5.6,86000.0,Kevin Smith,Robb Cullen,Bruce Willis,United States,30000000.0,55611001.0,Warner Bros.,107.0,Cop Out (2010),1,en
36,From Paris with Love,R,Action,2010,"February 5, 2010 (United States)",6.4,114000.0,Pierre Morel,Adi Hasak,John Travolta,France,52000000.0,52844496.0,EuropaCorp,92.0,From Paris with Love (2010),50,en
37,Going the Distance,R,Comedy,2010,"September 3, 2010 (United States)",6.3,57000.0,Nanette Burstein,Geoff LaTulippe,Drew Barrymore,United States,32000000.0,42059111.0,New Line Cinema,102.0,Going the Distance (2010),1,en
38,The Spy Next Door,PG,Action,2010,"January 15, 2010 (United States)",5.5,42000.0,Brian Levant,Jonathan Bernstein,Jackie Chan,United States,28000000.0,66166000.0,Relativity Media,94.0,The Spy Next Door (2010),4,en
39,The Extra Man,R,Comedy,2010,"January 27, 2011 (Greece)",5.8,4800.0,Shari Springer Berman,Robert Pulcini,Kevin Kline,France,7000000.0,649626.0,3 Arts Entertainment,108.0,The Extra Man (2010),10,en
40,The Back-up Plan,PG-13,Comedy,2010,"April 23, 2010 (United States)",5.4,49000.0,Alan Poul,Kate Angelo,Jennifer Lopez,United States,35000000.0,77477008.0,CBS Films,104.0,The Back-up Plan (2010),3,en
41,Country Strong,PG-13,Drama,2010,"January 7, 2011 (United States)",6.3,18000.0,Shana Feste,Shana Feste,Garrett Hedlund,United States,15000000.0,20529194.0,Screen Gems,117.0,Country Strong (2010),3,en
42,The Conspirator,PG-13,Crime,2010,"April 15, 2011 (United States)",6.9,28000.0,Robert Redford,James D. Solomon,Robin Wright,United States,25000000.0,15625544.0,The American Film Company,122.0,The Conspirator (2010),4,en
43,The Tempest,PG-13,Comedy,2010,"January 7, 2011 (Brazil)",5.4,7500.0,Julie Taymor,Julie Taymor,Helen Mirren,United States,20000000.0,405861.0,Miramax,110.0,The Tempest (2010),6,en
44,Henry's Crime,R,Comedy,2010,"January 14, 2011 (United Kingdom)",6.0,19000.0,Malcolm Venville,Sacha Gervasi,Keanu Reeves,United States,12000000.0,2169799.0,Company Films,108.0,Henry's Crime (2010),1,en
45,My Soul to Take,R,Horror,2010,"October 8, 2010 (United States)",4.8,20000.0,Wes Craven,Wes Craven,Max Thieriot,United States,25000000.0,21500813.0,Rogue,107.0,My Soul to Take (2010),20,en
46,The Warrior's Way,R,Action,2010,"December 3, 2010 (United States)",6.3,26000.0,Sngmoo Lee,Sngmoo Lee,Jang Dong-Gun,New Zealand,42000000.0,11103434.0,Rogue,100.0,The Warrior's Way (2010),4,en
47,The Perfect Host,R,Comedy,2010,"May 7, 2011 (Japan)",6.8,26000.0,Nick Tomnay,Nick Tomnay,David Hyde Pierce,United States,500000.0,453708.0,Stacey Testro International,93.0,The Perfect Host (2010),6,en
48,Midnight in Paris,PG-13,Comedy,2011,"June 10, 2011 (United States)",7.7,398000.0,Woody Allen,Woody Allen,Owen Wilson,Spain,17000000.0,151653750.0,Mediapro,94.0,Midnight in Paris (2011),15,en
49,The Cabin in the Woods,R,Horror,2011,"April 13, 2012 (United States)",7.0,387000.0,Drew Goddard,Joss Whedon,Kristen Connolly,United States,30000000.0,69935600.0,Lionsgate,95.0,The Cabin in the Woods (2011),147,en
50,No Strings Attached,R,Comedy,2011,"January 21, 2011 (United States)",6.2,219000.0,Ivan Reitman,Elizabeth Meriwether,Natalie Portman,United States,25000000.0,149228077.0,Paramount Pictures,108.0,No Strings Attached (2011),3,en
51,Warrior,PG-13,Action,2011,"September 9, 2011 (United States)",8.1,445000.0,Gavin O'Connor,Gavin O'Connor,Tom Hardy,United States,25000000.0,23308615.0,Lionsgate,140.0,Warrior (2011),186,en
52,Unknown,PG-13,Action,2011,"February 18, 2011 (United States)",6.8,253000.0,Jaume Collet-Serra,Oliver Butcher,Liam Neeson,United Kingdom,30000000.0,135710029.0,Dark Castle Entertainment,113.0,Unknown (2011),2,en
53,Cowboys & Aliens,PG-13,Action,2011,"July 29, 2011 (United States)",6.0,211000.0,Jon Favreau,Roberto Orci,Daniel Craig,United States,163000000.0,174822325.0,Universal Pictures,119.0,Cowboys & Aliens (2011),38,en
54,Conan the Barbarian,R,Action,2011,"August 19, 2011 (United States)",5.2,96000.0,Marcus Nispel,Thomas Dean Donnelly,Jason Momoa,United States,90000000.0,63523283.0,Lionsgate,113.0,Conan the Barbarian (2011),18,en
55,Melancholia,R,Drama,2011,"May 26, 2011 (Denmark)",7.2,172000.0,Lars von Trier,Lars von Trier,Kirsten Dunst,Denmark,7400000.0,17039814.0,Zentropa Entertainments,135.0,Melancholia (2011),5,en
56,Source Code,PG-13,Action,2011,"April 1, 2011 (United States)",7.5,495000.0,Duncan Jones,Ben Ripley,Jake Gyllenhaal,United States,32000000.0,147332697.0,Summit Entertainment,93.0,Source Code (2011),7,en
57,We Bought a Zoo,PG,Comedy,2011,"December 23, 2011 (United States)",7.1,138000.0,Cameron Crowe,Aline Brosh McKenna,Matt Damon,United States,50000000.0,120081841.0,Twentieth Century Fox,124.0,We Bought a Zoo (2011),8,en
58,Your Highness,R,Adventure,2011,"April 8, 2011 (United States)",5.5,99000.0,David Gordon Green,Danny McBride,Danny McBride,United States,49900000.0,28013733.0,Universal Pictures,102.0,Your Highness (2011),3,en
59,The Lincoln Lawyer,R,Crime,2011,"March 18, 2011 (United States)",7.3,221000.0,Brad Furman,John Romano,Matthew McConaughey,United States,40000000.0,86752352.0,Lionsgate,118.0,The Lincoln Lawyer (2011),2,en
60,Abduction,PG-13,Action,2011,"September 23, 2011 (United States)",5.1,78000.0,John Singleton,Shawn Christensen,Taylor Lautner,United States,35000000.0,82087155.0,Lionsgate,106.0,Abduction (2011),5,en
61,The Adjustment Bureau,PG-13,Romance,2011,"March 4, 2011 (United States)",7.0,248000.0,George Nolfi,George Nolfi,Matt Damon,United States,50200000.0,127869379.0,Universal Pictures,106.0,The Adjustment Bureau (2011),18,en
62,The Tree of Life,PG-13,Drama,2011,"May 17, 2011 (France)",6.8,171000.0,Terrence Malick,Terrence Malick,Brad Pitt,United States,32000000.0,58409247.0,Cottonwood Pictures,139.0,The Tree of Life (2011),3,en
63,War Horse,PG-13,Action,2011,"December 25, 2011 (United States)",7.2,150000.0,Steven Spielberg,Lee Hall,Jeremy Irvine,United States,66000000.0,177584879.0,Dreamworks Pictures,146.0,War Horse (2011),151,en
64,The Change-Up,R,Comedy,2011,"August 5, 2011 (United States)",6.3,172000.0,David Dobkin,Jon Lucas,Jason Bateman,United States,52000000.0,75450437.0,Universal Pictures,112.0,The Change-Up (2011),2,en
65,Margin Call,R,Drama,2011,"September 29, 2011 (Germany)",7.1,121000.0,J.C. Chandor,J.C. Chandor,Zachary Quinto,United States,3500000.0,19504039.0,Before The Door Pictures,107.0,Margin Call (2011),43,en
66,50/50,R,Comedy,2011,"September 30, 2011 (United States)",7.6,320000.0,Jonathan Levine,Will Reiser,Joseph Gordon-Levitt,United States,8000000.0,41097853.0,Summit Entertainment,100.0,50/50 (2011),16,en
67,The Darkest Hour,PG-13,Action,2011,"December 25, 2011 (United States)",4.9,59000.0,Chris Gorak,Jon Spaihts,Emile Hirsch,United States,30000000.0,64626786.0,Summit Entertainment,89.0,The Darkest Hour (2011),2,en
68,I Am Number Four,PG-13,Action,2011,"February 18, 2011 (United States)",6.1,230000.0,D.J. Caruso,Alfred Gough,Alex Pettyfer,United States,60000000.0,149878437.0,Dreamworks Pictures,111.0,I Am Number Four (2011),68,en
69,Drive Angry,R,Action,2011,"February 25, 2011 (United States)",5.4,96000.0,Patrick Lussier,Todd Farmer,Nicolas Cage,United States,50000000.0,40909909.0,Summit Entertainment,104.0,Drive Angry (2011),32,en
70,The Grey,R,Action,2011,"January 27, 2012 (United States)",6.8,244000.0,Joe Carnahan,Joe Carnahan,Liam Neeson,United States,25000000.0,79781695.0,Open Road Films (II),117.0,The Grey (2011),3,en
71,The Mechanic,R,Action,2011,"January 28, 2011 (United States)",6.6,154000.0,Simon West,Richard Wenk,Jason Statham,United States,40000000.0,76130093.0,CBS Films,93.0,The Mechanic (2011),14,en
72,Shark Night,PG-13,Horror,2011,"September 2, 2011 (United States)",4.0,25000.0,David R. Ellis,Will Hayes,Sara Paxton,United States,25000000.0,41363927.0,Incentive Filmed Entertainment,90.0,Shark Night (2011),1,en
73,Haywire,R,Action,2011,"January 20, 2012 (United States)",5.8,85000.0,Steven Soderbergh,Lem Dobbs,Gina Carano,Ireland,23000000.0,34513760.0,Relativity Media,93.0,Haywire (2011),15,en
74,The Muppets,PG,Adventure,2011,"November 23, 2011 (United States)",7.1,89000.0,James Bobin,Jason Segel,Amy Adams,United States,45000000.0,165184237.0,Walt Disney Pictures,103.0,The Muppets (2011),47,en
75,Fright Night,R,Comedy,2011,"August 19, 2011 (United States)",6.4,101000.0,Craig Gillespie,Marti Noxon,Anton Yelchin,United States,30000000.0,41002607.0,Dreamworks Pictures,106.0,Fright Night (2011),633,en
76,Soul Surfer,PG,Biography,2011,"April 8, 2011 (United States)",7.0,47000.0,Sean McNamara,Sean McNamara,AnnaSophia Robb,United States,18000000.0,47120948.0,Enticing Entertainment,112.0,Soul Surfer (2011),2,en
77,The Artist,PG-13,Comedy,2011,"January 20, 2012 (United States)",7.9,234000.0,Michel Hazanavicius,Michel Hazanavicius,Jean Dujardin,France,15000000.0,133432856.0,Studio 37,100.0,The Artist (2011),4,en
78,Something Borrowed,PG-13,Comedy,2011,"May 6, 2011 (United States)",5.9,59000.0,Luke Greenfield,Jennie Snyder Urman,Ginnifer Goodwin,United States,35000000.0,65100369.0,Alcon Entertainment,112.0,Something Borrowed (2011),2,en
79,Attack the Block,R,Action,2011,"May 13, 2011 (United Kingdom)",6.7,102000.0,Joe Cornish,Joe Cornish,John Boyega,United Kingdom,13000000.0,6206022.0,Screen Gems,88.0,Attack the Block (2011),36,en
80,Another Earth,PG-13,Drama,2011,"October 12, 2011 (France)",6.9,93000.0,Mike Cahill,Mike Cahill,Brit Marling,United States,100000.0,1938783.0,Artists Public Domain,92.0,Another Earth (2011),2,en
81,What's Your Number?,R,Comedy,2011,"September 30, 2011 (United States)",6.1,74000.0,Mark Mylod,Karyn Bosnak,Anna Faris,United States,20000000.0,30426096.0,New Regency Productions,106.0,What's Your Number? (2011),102,en
82,Beastly,PG-13,Drama,2011,"March 4, 2011 (United States)",5.6,76000.0,Daniel Barnz,Daniel Barnz,Alex Pettyfer,United States,17000000.0,43202283.0,CBS Films,86.0,Beastly (2011),14,en
83,Season of the Witch,PG-13,Action,2011,"January 7, 2011 (United States)",5.4,91000.0,Dominic Sena,Bragi F. Schut,Nicolas Cage,United States,40000000.0,91627228.0,Atlas Entertainment,95.0,Season of the Witch (2011),8,en
84,Hobo with a Shotgun,Not Rated,Action,2011,"May 12, 2011 (Netherlands)",6.1,45000.0,Jason Eisener,John Davies,Rutger Hauer,Canada,3000000.0,748453.0,Rhombus Media,86.0,Hobo with a Shotgun (2011),6,en
85,The Divide,R,Drama,2011,"April 20, 2012 (United Kingdom)",5.8,36000.0,Xavier Gens,Karl Mueller,Lauren German,United States,3000000.0,145676.0,Preferred Content,112.0,The Divide (2011),1,en
86,Red Riding Hood,PG-13,Fantasy,2011,"March 11, 2011 (United States)",5.5,109000.0,Catherine Hardwicke,David Leslie Johnson-McGoldrick,Amanda Seyfried,United States,42000000.0,90260376.0,Warner Bros.,100.0,Red Riding Hood (2011),55,en
87,The Rite,PG-13,Drama,2011,"January 28, 2011 (United States)",6.0,93000.0,Mikael Håfström,Michael Petroni,Colin O'Donoghue,United States,37000000.0,96560591.0,New Line Cinema,114.0,The Rite (2011),2,en
88,New Year's Eve,PG-13,Comedy,2011,"December 9, 2011 (United States)",5.7,83000.0,Garry Marshall,Katherine Fugate,Sarah Jessica Parker,United States,56000000.0,142044638.0,New Line Cinema,118.0,New Year's Eve (2011),10,en
89,Our Idiot Brother,R,Comedy,2011,"August 26, 2011 (United States)",6.4,85000.0,Jesse Peretz,Jesse Peretz,Paul Rudd,United States,5000000.0,25804448.0,Big Beach Films,90.0,Our Idiot Brother (2011),14,en
90,Red State,R,Action,2011,"September 30, 2011 (United Kingdom)",6.2,63000.0,Kevin Smith,Kevin Smith,Michael Parks,United States,4000000.0,1874460.0,NVSH Productions,88.0,Red State (2011),2,en
91,30 Minutes or Less,R,Action,2011,"August 12, 2011 (United States)",6.1,96000.0,Ruben Fleischer,Michael Diliberti,Jesse Eisenberg,United States,28000000.0,40662632.0,Columbia Pictures,83.0,30 Minutes or Less (2011),1,en
92,Django Unchained,R,Drama,2012,"December 25, 2012 (United States)",8.4,1400000.0,Quentin Tarantino,Quentin Tarantino,Jamie Foxx,United States,100000000.0,426074373.0,The Weinstein Company,165.0,Django Unchained (2012),92,en
93,Cloud Atlas,R,Action,2012,"October 26, 2012 (United States)",7.4,349000.0,Tom Tykwer,David Mitchell,Tom Hanks,United States,102000000.0,130482868.0,Cloud Atlas Productions,172.0,Cloud Atlas (2012),100,en
94,The Perks of Being a Wallflower,PG-13,Drama,2012,"October 12, 2012 (United States)",7.9,475000.0,Stephen Chbosky,Stephen Chbosky,Logan Lerman,United States,13000000.0,33384127.0,Summit Entertainment,103.0,The Perks of Being a Wallflower (2012),60,en
95,Silver Linings Playbook,R,Comedy,2012,"December 25, 2012 (United States)",7.7,675000.0,David O. Russell,David O. Russell,Bradley Cooper,United States,21000000.0,236412453.0,The Weinstein Company,122.0,Silver Linings Playbook (2012),6,en
96,The Master,R,Drama,2012,"September 21, 2012 (United States)",7.2,160000.0,Paul Thomas Anderson,Paul Thomas Anderson,Philip Seymour Hoffman,United States,32000000.0,28258060.0,The Weinstein Company,138.0,The Master (2012),11,en
97,Ted,R,Comedy,2012,"June 29, 2012 (United States)",6.9,580000.0,Seth MacFarlane,Seth MacFarlane,Mark Wahlberg,United States,50000000.0,549368315.0,Universal Pictures,106.0,Ted (2012),5,en
98,This Means War,PG-13,Action,2012,"February 17, 2012 (United States)",6.3,179000.0,McG,Timothy Dowling,Reese Witherspoon,United States,65000000.0,156491279.0,Overbrook Entertainment,103.0,This Means War (2012),90,en
99,The Place Beyond the Pines,R,Crime,2012,"April 19, 2013 (United States)",7.3,253000.0,Derek Cianfrance,Derek Cianfrance,Ryan Gosling,United States,15000000.0,47052899.0,Sidney Kimmel Entertainment,140.0,The Place Beyond the Pines (2012),22,en
100,Battleship,PG-13,Action,2012,"May 18, 2012 (United States)",5.8,240000.0,Peter Berg,Jon Hoeber,Alexander Skarsgård,United States,209000000.0,303025485.0,Universal Pictures,131.0,Battleship (2012),15,en
101,Lawless,R,Crime,2012,"August 29, 2012 (United States)",7.3,232000.0,John Hillcoat,Nick Cave,Tom Hardy,United States,26000000.0,55404207.0,The Weinstein Company,116.0,Lawless (2012),68,en
102,Safe House,R,Action,2012,"February 10, 2012 (United States)",6.7,211000.0,Daniel Espinosa,David Guggenheim,Denzel Washington,South Africa,85000000.0,208076205.0,Universal Pictures,115.0,Safe House (2012),2,en
103,Seeking a Friend for the End of the World,R,Adventure,2012,"June 22, 2012 (United States)",6.7,109000.0,Lorene Scafaria,Lorene Scafaria,Steve Carell,United States,10000000.0,11681781.0,Focus Features,101.0,Seeking a Friend for the End of the World (2012),4,en
104,The Bourne Legacy,PG-13,Action,2012,"August 10, 2012 (United States)",6.6,290000.0,Tony Gilroy,Tony Gilroy,Jeremy Renner,United States,125000000.0,276144750.0,Universal Pictures,135.0,The Bourne Legacy (2012),326,en
105,Abraham Lincoln: Vampire Hunter,R,Action,2012,"June 22, 2012 (United States)",5.9,151000.0,Timur Bekmambetov,Seth Grahame-Smith,Benjamin Walker,United States,69000000.0,116471580.0,Abraham Productions,105.0,Abraham Lincoln: Vampire Hunter (2012),123,en
106,Life of Pi,PG,Adventure,2012,"November 21, 2012 (United States)",7.9,594000.0,Ang Lee,Yann Martel,Suraj Sharma,United States,120000000.0,609016565.0,Fox 2000 Pictures,127.0,Life of Pi (2012),10,en
107,Seven Psychopaths,R,Comedy,2012,"October 12, 2012 (United States)",7.2,246000.0,Martin McDonagh,Martin McDonagh,Colin Farrell,United Kingdom,15000000.0,32226382.0,CBS Films,110.0,Seven Psychopaths (2012),83,en
108,Rock of Ages,PG-13,Comedy,2012,"June 15, 2012 (United States)",5.9,75000.0,Adam Shankman,Justin Theroux,Julianne Hough,United States,75000000.0,59418613.0,New Line Cinema,123.0,Rock of Ages (2012),47,en
109,The Dictator,R,Comedy,2012,"May 16, 2012 (United States)",6.4,286000.0,Larry Charles,Sacha Baron Cohen,Sacha Baron Cohen,United States,65000000.0,179379533.0,Paramount Pictures,83.0,The Dictator (2012),1,en
110,Safety Not Guaranteed,R,Comedy,2012,"June 15, 2012 (Canada)",7.0,122000.0,Colin Trevorrow,Derek Connolly,Aubrey Plaza,United States,750000.0,4424699.0,FilmDistrict,86.0,Safety Not Guaranteed (2012),3,en
111,Chronicle,PG-13,Adventure,2012,"February 3, 2012 (United States)",7.0,243000.0,Josh Trank,Max Landis,Dane DeHaan,United States,12000000.0,126636097.0,Twentieth Century Fox,84.0,Chronicle (2012),111,en
112,End of Watch,R,Action,2012,"September 21, 2012 (United States)",7.6,233000.0,David Ayer,David Ayer,Jake Gyllenhaal,United States,7000000.0,55078146.0,Exclusive Media Group,109.0,End of Watch (2012),11,en
113,Wrath of the Titans,PG-13,Action,2012,"March 30, 2012 (United States)",5.7,184000.0,Jonathan Liebesman,Dan Mazeau,Sam Worthington,United States,150000000.0,301970083.0,Warner Bros.,99.0,Wrath of the Titans (2012),28,en
114,The Lorax,PG,Animation,2012,"March 2, 2012 (United States)",6.4,102000.0,Chris Renaud,Dr. Seuss,Zac Efron,United States,70000000.0,348840316.0,Universal Pictures,86.0,The Lorax (2012),628,en
115,Rise of the Guardians,PG,Animation,2012,"November 21, 2012 (United States)",7.3,161000.0,Peter Ramsey,David Lindsay-Abaire,Hugh Jackman,United States,145000000.0,306941670.0,DreamWorks Animation,97.0,Rise of the Guardians (2012),10178,en
116,The Iceman,R,Biography,2012,"May 2, 2013 (Lebanon)",6.8,72000.0,Ariel Vromen,Morgan Land,Michael Shannon,United States,10000000.0,4552970.0,Bleiberg Entertainment,106.0,The Iceman (2012),45,en
117,House at the End of the Street,PG-13,Drama,2012,"September 21, 2012 (United States)",5.6,74000.0,Mark Tonderai,David Loucka,Jennifer Lawrence,United States,10000000.0,44287131.0,Relativity Media,101.0,House at the End of the Street (2012),2,en
118,The Woman in Black,PG-13,Drama,2012,"February 3, 2012 (United States)",6.4,177000.0,James Watkins,Susan Hill,Daniel Radcliffe,United Kingdom,17000000.0,128955898.0,CBS Films,95.0,The Woman in Black (2012),12,en
119,The Three Stooges,PG,Comedy,2012,"April 13, 2012 (United States)",5.1,30000.0,Bobby Farrelly,Mike Cerrone,Sean Hayes,United States,30000000.0,54819301.0,Twentieth Century Fox,92.0,The Three Stooges (2012),2,en
120,The Vow,PG-13,Drama,2012,"February 10, 2012 (United States)",6.8,187000.0,Michael Sucsy,Abby Kohn,Rachel McAdams,United States,30000000.0,196114570.0,Screen Gems,104.0,The Vow (2012),8,en
121,Bullet to the Head,R,Action,2012,"February 1, 2013 (United States)",5.7,48000.0,Walter Hill,Alessandro Camon,Sylvester Stallone,United States,45000000.0,21947209.0,IM Global,92.0,Bullet to the Head (2012),4,en
122,The First Time,PG-13,Comedy,2012,"February 7, 2013 (Russia)",6.8,68000.0,Jonathan Kasdan,Jonathan Kasdan,Dylan O'Brien,United States,2000000.0,92654.0,Samuel Goldwyn Films,95.0,The First Time (2012),3,en
123,The Lords of Salem,R,Horror,2012,"April 18, 2013 (Russia)",5.2,28000.0,Rob Zombie,Rob Zombie,Sheri Moon Zombie,United States,1500000.0,1544989.0,Alliance,101.0,The Lords of Salem (2012),1,en
124,Ruby Sparks,R,Comedy,2012,"September 6, 2012 (Portugal)",7.2,97000.0,Jonathan Dayton,Zoe Kazan,Paul Dano,United States,8000000.0,9368803.0,Fox Searchlight Pictures,104.0,Ruby Sparks (2012),9,en
125,The Paperboy,R,Crime,2012,"October 17, 2012 (Belgium)",5.8,37000.0,Lee Daniels,Peter Dexter,Matthew McConaughey,United States,12500000.0,3783865.0,Millennium Films,107.0,The Paperboy (2012),1,en
126,The Possession,PG-13,Horror,2012,"August 31, 2012 (United States)",5.9,58000.0,Ole Bornedal,Juliet Snowden,Natasha Calis,United States,14000000.0,85446075.0,Ghost House Pictures,92.0,The Possession (2012),4,en
127,What to Expect When You're Expecting,PG-13,Comedy,2012,"May 18, 2012 (United States)",5.7,71000.0,Kirk Jones,Shauna Cross,Cameron Diaz,United States,40000000.0,84384002.0,Lionsgate,110.0,What to Expect When You're Expecting (2012),6,en
128,The Collection,R,Horror,2012,"November 30, 2012 (United States)",6.1,47000.0,Marcus Dunstan,Patrick Melton,Josh Stewart,United States,7500000.0,9929706.0,LD Entertainment,82.0,The Collection (2012),19,en
129,Contraband,R,Action,2012,"January 13, 2012 (United States)",6.4,119000.0,Baltasar Kormákur,Aaron Guzikowski,Mark Wahlberg,United States,25000000.0,96262212.0,Universal Pictures,109.0,Contraband (2012),1,en
130,The Words,PG-13,Drama,2012,"September 7, 2012 (United States)",7.0,76000.0,Brian Klugman,Brian Klugman,Bradley Cooper,United States,6000000.0,15950164.0,Also Known As Pictures,102.0,The Words (2012),2,en
131,Beasts of the Southern Wild,PG-13,Adventure,2012,"July 5, 2012 (Russia)",7.3,82000.0,Benh Zeitlin,Lucy Alibar,Quvenzhané Wallis,United States,1800000.0,21107746.0,Cinereach,93.0,Beasts of the Southern Wild (2012),1,en
132,Red Tails,PG-13,Action,2012,"January 20, 2012 (United States)",5.9,34000.0,Anthony Hemingway,John Ridley,Cuba Gooding Jr.,United States,58000000.0,50365498.0,Twentieth Century Fox,125.0,Red Tails (2012),2,en
133,The Cold Light of Day,PG-13,Action,2012,"September 7, 2012 (United States)",4.9,36000.0,Mabrouk El Mechri,Scott Wiper,Henry Cavill,United States,20000000.0,16863583.0,Summit Entertainment,93.0,The Cold Light of Day (2012),22,en
134,The Apparition,PG-13,Horror,2012,"August 24, 2012 (United States)",4.1,19000.0,Todd Lincoln,Todd Lincoln,Ashley Greene,United States,17000000.0,11350665.0,Warner Bros.,82.0,The Apparition (2012),9,en
135,The Raven,R,Crime,2012,"April 27, 2012 (United States)",6.4,83000.0,James McTeigue,Hannah Shakespeare,John Cusack,United States,26000000.0,29699345.0,Intrepid Pictures,110.0,The Raven (2012),10,en
136,Upside Down,PG-13,Drama,2012,"May 1, 2013 (France)",6.4,70000.0,Juan Solanas,Juan Solanas,Jim Sturgess,Canada,60000000.0,22187813.0,Upside Down Films,109.0,Upside Down (2012),8,en
137,Premium Rush,PG-13,Action,2012,"August 24, 2012 (United States)",6.5,111000.0,David Koepp,David Koepp,Joseph Gordon-Levitt,United States,35000000.0,31083599.0,Columbia Pictures,91.0,Premium Rush (2012),10,en
138,Disconnect,R,Drama,2012,"July 5, 2013 (United States)",7.5,74000.0,Henry Alex Rubin,Andrew Stern,Jason Bateman,United States,10000000.0,3428048.0,LD Entertainment,115.0,Disconnect (2012),1,en
139,The Wolf of Wall Street,R,Biography,2013,"December 25, 2013 (United States)",8.2,1200000.0,Martin Scorsese,Terence Winter,Leonardo DiCaprio,United States,100000000.0,392000694.0,Red Granite Pictures,180.0,The Wolf of Wall Street (2013),18,en
140,Prisoners,R,Crime,2013,"September 20, 2013 (United States)",8.1,625000.0,Denis Villeneuve,Aaron Guzikowski,Hugh Jackman,United States,46000000.0,122126687.0,Alcon Entertainment,153.0,Prisoners (2013),99,en
141,Gravity,PG-13,Drama,2013,"October 4, 2013 (United States)",7.7,784000.0,Alfonso Cuarón,Alfonso Cuarón,Sandra Bullock,United Kingdom,100000000.0,723192705.0,Warner Bros.,91.0,Gravity (2013),38,en
142,Man of Steel,PG-13,Action,2013,"June 14, 2013 (United States)",7.0,721000.0,Zack Snyder,David S. Goyer,Henry Cavill,United States,225000000.0,668045518.0,Warner Bros.,143.0,Man of Steel (2013),855,en
143,Only Lovers Left Alive,R,Comedy,2013,"December 25, 2013 (Germany)",7.3,94000.0,Jim Jarmusch,Jim Jarmusch,Tilda Swinton,United Kingdom,7000000.0,7609187.0,Recorded Picture Company (RPC),123.0,Only Lovers Left Alive (2013),324,en
144,We're the Millers,R,Comedy,2013,"August 7, 2013 (United States)",7.0,415000.0,Rawson Marshall Thurber,Bob Fisher,Jason Sudeikis,United States,37000000.0,269994119.0,New Line Cinema,110.0,We're the Millers (2013),4,en
145,The Great Gatsby,PG-13,Drama,2013,"May 10, 2013 (United States)",7.2,494000.0,Baz Luhrmann,Baz Luhrmann,Leonardo DiCaprio,Australia,105000000.0,353642274.0,Warner Bros.,143.0,The Great Gatsby (2013),568,en
146,American Hustle,R,Crime,2013,"December 20, 2013 (United States)",7.2,458000.0,David O. Russell,Eric Warren Singer,Christian Bale,United States,40000000.0,251171807.0,Columbia Pictures,138.0,American Hustle (2013),8,en
147,Don Jon,R,Comedy,2013,"September 27, 2013 (United States)",6.5,232000.0,Joseph Gordon-Levitt,Joseph Gordon-Levitt,Joseph Gordon-Levitt,United States,3000000.0,39439355.0,Voltage Pictures,90.0,Don Jon (2013),9,en
148,Oblivion,PG-13,Action,2013,"April 19, 2013 (United States)",7.0,495000.0,Joseph Kosinski,Karl Gajdusek,Tom Cruise,United States,120000000.0,286168572.0,Universal Pictures,124.0,Oblivion (2013),34,en
149,Identity Thief,R,Comedy,2013,"February 8, 2013 (United States)",5.7,128000.0,Seth Gordon,Craig Mazin,Jason Bateman,United States,35000000.0,173965010.0,Aggregate Films,111.0,Identity Thief (2013),1,en
150,Homefront,R,Action,2013,"November 27, 2013 (United States)",6.5,113000.0,Gary Fleder,Sylvester Stallone,Jason Statham,United States,22000000.0,48449416.0,Open Road Films (II),100.0,Homefront (2013),1,en
151,World War Z,PG-13,Action,2013,"June 21, 2013 (United States)",7.0,618000.0,Marc Forster,Matthew Michael Carnahan,Brad Pitt,United States,190000000.0,540455876.0,Paramount Pictures,116.0,World War Z (2013),40,en
152,12 Years a Slave,R,Biography,2013,"November 8, 2013 (United States)",8.1,657000.0,Steve McQueen,John Ridley,Chiwetel Ejiofor,United States,20000000.0,187733202.0,New Regency Productions,134.0,12 Years a Slave (2013),7,en
153,Dallas Buyers Club,R,Biography,2013,"November 22, 2013 (United States)",8.0,455000.0,Jean-Marc Vallée,Craig Borten,Matthew McConaughey,United States,5000000.0,55736588.0,Truth Entertainment (II),117.0,Dallas Buyers Club (2013),3,en
154,The Secret Life of Walter Mitty,PG,Adventure,2013,"December 25, 2013 (United States)",7.3,300000.0,Ben Stiller,Steve Conrad,Ben Stiller,United States,90000000.0,188133322.0,Twentieth Century Fox,114.0,The Secret Life of Walter Mitty (2013),13,en
155,This Is the End,R,Comedy,2013,"June 12, 2013 (United States)",6.6,391000.0,Evan Goldberg,Seth Rogen,James Franco,United States,32000000.0,126041322.0,Columbia Pictures,107.0,This Is the End (2013),16,en
156,The Way Way Back,PG-13,Comedy,2013,"July 26, 2013 (United States)",7.4,143000.0,Nat Faxon,Nat Faxon,Steve Carell,United States,5000000.0,26474920.0,Sycamore Pictures,103.0,The Way Way Back (2013),19,en
157,The Internship,PG-13,Comedy,2013,"June 7, 2013 (United States)",6.3,193000.0,Shawn Levy,Vince Vaughn,Vince Vaughn,United States,58000000.0,93492844.0,Twentieth Century Fox,119.0,The Internship (2013),67,en
158,Captain Phillips,PG-13,Adventure,2013,"October 11, 2013 (United States)",7.8,432000.0,Paul Greengrass,Billy Ray,Tom Hanks,United States,55000000.0,218791811.0,Scott Rudin Productions,134.0,Captain Phillips (2013),1,en
159,White House Down,PG-13,Action,2013,"June 28, 2013 (United States)",6.3,211000.0,Roland Emmerich,James Vanderbilt,Channing Tatum,United States,150000000.0,205366737.0,Columbia Pictures,131.0,White House Down (2013),24,en
160,Oldboy,R,Action,2013,"November 27, 2013 (United States)",5.7,71000.0,Spike Lee,Garon Tsuchiya,Josh Brolin,United States,30000000.0,5186767.0,Good Universe,104.0,Oldboy (2013),3,en
161,Out of the Furnace,R,Action,2013,"December 6, 2013 (United States)",6.8,110000.0,Scott Cooper,Brad Ingelsby,Christian Bale,United Kingdom,22000000.0,15661554.0,Appian Way,116.0,Out of the Furnace (2013),5,en
162,The World's End,R,Comedy,2013,"August 23, 2013 (United States)",7.0,266000.0,Edgar Wright,Simon Pegg,Simon Pegg,United Kingdom,20000000.0,46091271.0,Universal Pictures,109.0,The World's End (2013),156,en
163,Riddick,R,Action,2013,"September 6, 2013 (United States)",6.4,157000.0,David Twohy,David Twohy,Vin Diesel,Canada,38000000.0,98337295.0,Riddick Canada Productions,119.0,Riddick (2013),146,en
164,August: Osage County,R,Comedy,2013,"January 10, 2014 (United States)",7.2,87000.0,John Wells,Tracy Letts,Meryl Streep,United States,25000000.0,74188937.0,The Weinstein Company,121.0,August: Osage County (2013),22,en
165,Before Midnight,R,Drama,2013,"June 14, 2013 (United States)",7.9,146000.0,Richard Linklater,Richard Linklater,Ethan Hawke,United States,3000000.0,20994648.0,Faliro House Productions,109.0,Before Midnight (2013),1,en
166,The Counselor,R,Crime,2013,"October 25, 2013 (United States)",5.3,98000.0,Ridley Scott,Cormac McCarthy,Michael Fassbender,United Kingdom,25000000.0,71009334.0,Fox 2000 Pictures,117.0,The Counselor (2013),3,en
167,The To Do List,R,Comedy,2013,"July 26, 2013 (United States)",5.8,38000.0,Maggie Carey,Maggie Carey,Aubrey Plaza,United States,1500000.0,3909596.0,3 Arts Entertainment,104.0,The To Do List (2013),23,en
168,The Lone Ranger,PG-13,Action,2013,"July 3, 2013 (United States)",6.4,225000.0,Gore Verbinski,Justin Haythe,Johnny Depp,United States,215000000.0,260502115.0,Walt Disney Pictures,150.0,The Lone Ranger (2013),61,en
169,The Host,PG-13,Action,2013,"March 29, 2013 (United States)",5.9,112000.0,Andrew Niccol,Andrew Niccol,Saoirse Ronan,United States,40000000.0,63365859.0,Chockstone Pictures,125.0,The Host (2013),32,en
170,Enough Said,PG-13,Comedy,2013,"October 11, 2013 (United States)",7.0,60000.0,Nicole Holofcener,Nicole Holofcener,Julia Louis-Dreyfus,United States,8000000.0,25288872.0,Fox Searchlight Pictures,93.0,Enough Said (2013),2,en
171,The Heat,R,Action,2013,"June 28, 2013 (United States)",6.6,165000.0,Paul Feig,Katie Dippold,Sandra Bullock,United States,43000000.0,229930771.0,Twentieth Century Fox,117.0,The Heat (2013),17,en
172,After Earth,PG-13,Action,2013,"May 31, 2013 (United States)",4.8,194000.0,M. Night Shyamalan,Gary Whitta,Jaden Smith,United States,130000000.0,243611982.0,Columbia Pictures,100.0,After Earth (2013),2,en
173,Only God Forgives,R,Action,2013,"May 22, 2013 (France)",5.7,109000.0,Nicolas Winding Refn,Nicolas Winding Refn,Ryan Gosling,Denmark,4800000.0,10639616.0,Space Rocket Nation,90.0,Only God Forgives (2013),2,en
174,Dead Man Down,R,Action,2013,"March 8, 2013 (United States)",6.5,65000.0,Niels Arden Oplev,J.H. Wyman,Colin Farrell,United States,30000000.0,18074539.0,FilmDistrict,118.0,Dead Man Down (2013),4,en
175,The Spectacular Now,R,Comedy,2013,"September 13, 2013 (United States)",7.1,147000.0,James Ponsoldt,Scott Neustadter,Miles Teller,United States,2500000.0,6918591.0,Andrew Lauren Productions,95.0,The Spectacular Now (2013),5,en
176,The Last Stand,R,Action,2013,"January 18, 2013 (United States)",6.3,135000.0,Jee-woon Kim,Andrew Knauer,Arnold Schwarzenegger,United States,45000000.0,48330757.0,CJ Entertainment,107.0,The Last Stand (2013),1,en
177,Filth,R,Comedy,2013,"April 24, 2014 (United States)",7.1,104000.0,Jon S. Baird,Jon S. Baird,James McAvoy,United Kingdom,5000000.0,8417248.0,Steel Mill Pictures,97.0,Filth (2013),80,en
178,The Book Thief,PG-13,Drama,2013,"November 27, 2013 (United States)",7.5,130000.0,Brian Percival,Markus Zusak,Sophie Nélisse,United States,19000000.0,76586316.0,Fox 2000 Pictures,131.0,The Book Thief (2013),15,en
179,The Bling Ring,R,Biography,2013,"June 21, 2013 (United States)",5.6,85000.0,Sofia Coppola,Sofia Coppola,Katie Chang,United States,8000000.0,20045576.0,American Zoetrope,90.0,The Bling Ring (2013),2,en
180,Jack the Giant Slayer,PG-13,Adventure,2013,"March 1, 2013 (United States)",6.2,134000.0,Bryan Singer,Darren Lemke,Nicholas Hoult,United Kingdom,195000000.0,197687603.0,New Line Cinema,114.0,Jack the Giant Slayer (2013),37,en
181,Trance,R,Crime,2013,"March 27, 2013 (United Kingdom)",6.9,111000.0,Danny Boyle,Joe Ahearne,James McAvoy,United Kingdom,20000000.0,24261569.0,Pathé,101.0,Trance (2013),17,en
182,Broken City,R,Action,2013,"January 18, 2013 (United States)",6.2,78000.0,Allen Hughes,Brian Tucker,Mark Wahlberg,United States,35000000.0,34737199.0,Emmett/Furla/Oasis Films (EFO Films),109.0,Broken City (2013),2,en
183,The Incredible Burt Wonderstone,PG-13,Comedy,2013,"March 15, 2013 (United States)",5.9,71000.0,Don Scardino,Jonathan Goldstein,Steve Carell,United States,30000000.0,27437881.0,New Line Cinema,100.0,The Incredible Burt Wonderstone (2013),1,en
184,The Immigrant,R,Drama,2013,"May 23, 2014 (United States)",6.6,31000.0,James Gray,James Gray,Marion Cotillard,United States,16000000.0,5952884.0,Worldview Entertainment,120.0,The Immigrant (2013),3,en
185,A Haunted House,R,Comedy,2013,"January 11, 2013 (United States)",5.0,45000.0,Michael Tiddes,Marlon Wayans,Marlon Wayans,United States,2500000.0,60159584.0,Open Road Films,86.0,A Haunted House (2013),4,en
186,How I Live Now,R,Action,2013,"October 4, 2013 (United Kingdom)",6.5,29000.0,Kevin Macdonald,Meg Rosoff,Saoirse Ronan,United Kingdom,8000000.0,925762.0,Film4,101.0,How I Live Now (2013),4,en
187,Upstream Color,Not Rated,Drama,2013,"August 30, 2013 (United Kingdom)",6.7,32000.0,Shane Carruth,Shane Carruth,Amy Seimetz,United States,50000.0,587174.0,erbp,96.0,Upstream Color (2013),1,en
188,The Fifth Estate,R,Biography,2013,"October 18, 2013 (United States)",6.2,40000.0,Bill Condon,Daniel Domscheit-Berg,Benedict Cumberbatch,United States,28000000.0,9058564.0,Dreamworks Pictures,128.0,The Fifth Estate (2013),23,en
189,Man of Tai Chi,R,Action,2013,"July 5, 2013 (China)",6.1,36000.0,Keanu Reeves,Michael G. Cooney,Tiger Hu Chen,United States,25000000.0,5464885.0,China Film Group Corporation (CFGC),105.0,Man of Tai Chi (2013),23,en
190,The East,PG-13,Crime,2013,"June 28, 2013 (United Kingdom)",6.8,49000.0,Zal Batmanglij,Zal Batmanglij,Brit Marling,United Kingdom,6500000.0,2891812.0,Dune Entertainment,116.0,The East (2013),2,en
191,Edge of Tomorrow,PG-13,Action,2014,"June 6, 2014 (United States)",7.9,620000.0,Doug Liman,Christopher McQuarrie,Tom Cruise,United States,178000000.0,370541256.0,Warner Bros.,113.0,Edge of Tomorrow (2014),130,en
192,The Grand Budapest Hotel,R,Adventure,2014,"March 28, 2014 (United States)",8.1,734000.0,Wes Anderson,Stefan Zweig,Ralph Fiennes,United States,25000000.0,172945750.0,Fox Searchlight Pictures,99.0,The Grand Budapest Hotel (2014),76,en
193,Whiplash,R,Drama,2014,"October 15, 2014 (Philippines)",8.5,749000.0,Damien Chazelle,Damien Chazelle,Miles Teller,United States,3300000.0,49396747.0,Bold Films,106.0,Whiplash (2014),160,en
194,What We Do in the Shadows,R,Comedy,2014,"February 13, 2015 (United States)",7.7,164000.0,Jemaine Clement,Jemaine Clement,Jemaine Clement,New Zealand,1600000.0,7253160.0,Unison Films,86.0,What We Do in the Shadows (2014),532,en
195,The Imitation Game,PG-13,Biography,2014,"December 25, 2014 (United States)",8.0,707000.0,Morten Tyldum,Graham Moore,Benedict Cumberbatch,United Kingdom,14000000.0,233555708.0,Black Bear Pictures,114.0,The Imitation Game (2014),87,en
196,Fury,R,Action,2014,"October 17, 2014 (United States)",7.6,442000.0,David Ayer,David Ayer,Brad Pitt,United States,68000000.0,211822697.0,Columbia Pictures,134.0,Fury (2014),117,en
197,Predestination,R,Action,2014,"January 9, 2015 (United States)",7.5,262000.0,Michael Spierig,Michael Spierig,Ethan Hawke,Australia,5100000.0,4942449.0,Screen Australia,97.0,Predestination (2014),9,en
198,It Follows,R,Horror,2014,"March 13, 2015 (United States)",6.8,217000.0,David Robert Mitchell,David Robert Mitchell,Maika Monroe,United States,1000000.0,21947454.0,Northern Lights Films,100.0,It Follows (2014),17,en
199,The Judge,R,Crime,2014,"October 10, 2014 (United States)",7.4,183000.0,David Dobkin,Nick Schenk,Robert Downey Jr.,United States,50000000.0,84419388.0,Warner Bros.,141.0,The Judge (2014),17,en
200,The Giver,PG-13,Drama,2014,"August 15, 2014 (United States)",6.5,114000.0,Phillip Noyce,Michael Mitnick,Brenton Thwaites,United States,25000000.0,66980456.0,Tonik Productions,97.0,The Giver (2014),24,en
201,American Sniper,R,Action,2014,"January 16, 2015 (United States)",7.3,451000.0,Clint Eastwood,Jason Hall,Bradley Cooper,United States,58800000.0,547426372.0,Warner Bros.,133.0,American Sniper (2014),2,en
202,Into the Woods,PG,Adventure,2014,"December 25, 2014 (United States)",5.9,135000.0,Rob Marshall,James Lapine,Anna Kendrick,United States,50000000.0,212902372.0,BBL Motion Picture Studios,125.0,Into the Woods (2014),63,en
203,The Theory of Everything,PG-13,Biography,2014,"November 26, 2014 (United States)",7.7,417000.0,James Marsh,Anthony McCarten,Eddie Redmayne,United Kingdom,15000000.0,123726688.0,Working Title Films,123.0,The Theory of Everything (2014),4,en
204,The Drop,R,Crime,2014,"September 12, 2014 (United States)",7.1,146000.0,Michaël R. Roskam,Dennis Lehane,Tom Hardy,United States,12600000.0,18658381.0,Big Screen Productions,106.0,The Drop (2014),16,en
205,Inherent Vice,R,Comedy,2014,"January 9, 2015 (United States)",6.7,97000.0,Paul Thomas Anderson,Paul Thomas Anderson,Joaquin Phoenix,United States,20000000.0,14710975.0,Ghoulardi Film Company,148.0,Inherent Vice (2014),2,en
206,The Babadook,Not Rated,Drama,2014,"November 28, 2014 (United States)",6.8,203000.0,Jennifer Kent,Jennifer Kent,Essie Davis,Australia,2000000.0,10312540.0,Screen Australia,94.0,The Babadook (2014),41,en
207,The Other Woman,PG-13,Comedy,2014,"April 25, 2014 (United States)",6.0,133000.0,Nick Cassavetes,Melissa K. Stack,Cameron Diaz,United States,40000000.0,196710396.0,Twentieth Century Fox,109.0,The Other Woman (2014),5,en
208,Wild,R,Adventure,2014,"December 19, 2014 (United States)",7.1,123000.0,Jean-Marc Vallée,Nick Hornby,Reese Witherspoon,United States,15000000.0,52501541.0,Bob Industries,115.0,Wild (2014),1,en
209,Foxcatcher,R,Biography,2014,"January 16, 2015 (United States)",7.0,137000.0,Bennett Miller,E. Max Frye,Steve Carell,United States,24000000.0,19206513.0,Annapurna Pictures,134.0,Foxcatcher (2014),2,en
210,The Guest,R,Action,2014,"September 5, 2014 (United Kingdom)",6.7,95000.0,Adam Wingard,Simon Barrett,Dan Stevens,United States,5000000.0,2700051.0,HanWay Films,100.0,The Guest (2014),20,en
211,RoboCop,PG-13,Action,2014,"February 12, 2014 (United States)",6.1,219000.0,José Padilha,Joshua Zetumer,Joel Kinnaman,United States,100000000.0,242688965.0,Metro-Goldwyn-Mayer (MGM),117.0,RoboCop (2014),20,en
212,The Monuments Men,PG-13,Comedy,2014,"February 7, 2014 (United States)",6.1,127000.0,George Clooney,George Clooney,George Clooney,United States,70000000.0,156706638.0,Columbia Pictures,118.0,The Monuments Men (2014),1,en
213,Seventh Son,PG-13,Action,2014,"February 6, 2015 (United States)",5.5,74000.0,Sergei Bodrov,Charles Leavitt,Ben Barnes,United States,95000000.0,114178613.0,Beijing Skywheel Entertainment Co.,102.0,Seventh Son (2014),2,en
214,Exodus: Gods and Kings,PG-13,Action,2014,"December 12, 2014 (United States)",6.0,162000.0,Ridley Scott,Adam Cooper,Christian Bale,United Kingdom,140000000.0,268175631.0,Chernin Entertainment,150.0,Exodus: Gods and Kings (2014),9,en
215,A Million Ways to Die in the West,R,Comedy,2014,"May 30, 2014 (United States)",6.1,181000.0,Seth MacFarlane,Seth MacFarlane,Seth MacFarlane,United States,40000000.0,87189756.0,Bluegrass Films,116.0,A Million Ways to Die in the West (2014),21,en
216,Non-Stop,PG-13,Action,2014,"February 28, 2014 (United States)",6.9,254000.0,Jaume Collet-Serra,John W. Richardson,Liam Neeson,United Kingdom,50000000.0,222809600.0,StudioCanal,106.0,Non-Stop (2014),5,en
217,This Is Where I Leave You,R,Comedy,2014,"September 19, 2014 (United States)",6.6,75000.0,Shawn Levy,Jonathan Tropper,Jason Bateman,United States,19800000.0,41296320.0,21 Laps Entertainment,103.0,This Is Where I Leave You (2014),131,en
218,Jack Ryan: Shadow Recruit,PG-13,Action,2014,"January 17, 2014 (United States)",6.2,126000.0,Kenneth Branagh,Adam Cozad,Chris Pine,United States,60000000.0,135503748.0,Paramount Pictures,105.0,Jack Ryan: Shadow Recruit (2014),16,en
219,The November Man,R,Action,2014,"August 27, 2014 (United States)",6.3,65000.0,Roger Donaldson,Michael Finch,Pierce Brosnan,United States,15000000.0,39661919.0,Relativity Media,108.0,The November Man (2014),7,en
220,Before I Go to Sleep,R,Drama,2014,"October 31, 2014 (United States)",6.4,75000.0,Rowan Joffe,Rowan Joffe,Nicole Kidman,United Kingdom,22000000.0,17669776.0,Scott Free Productions,92.0,Before I Go to Sleep (2014),5,en
221,A Most Violent Year,R,Action,2014,"January 30, 2015 (United States)",7.0,68000.0,J.C. Chandor,J.C. Chandor,Oscar Isaac,United States,20000000.0,12007070.0,Before The Door Pictures,125.0,A Most Violent Year (2014),32,en
222,The Loft,R,Mystery,2014,"January 30, 2015 (United States)",6.3,53000.0,Erik Van Looy,Bart De Pauw,Karl Urban,Belgium,14000000.0,11020402.0,Open Road Films,108.0,The Loft (2014),24,en
223,Clown,R,Horror,2014,"June 17, 2016 (United States)",5.7,23000.0,Jon Watts,Christopher Ford,Andy Powers,United States,1500000.0,4381603.0,Cross Creek Pictures,100.0,Clown (2014),2,en
224,The Hundred-Foot Journey,PG,Comedy,2014,"August 8, 2014 (United States)",7.3,79000.0,Lasse Hallström,Steven Knight,Helen Mirren,United States,22000000.0,89514453.0,Amblin Entertainment,122.0,The Hundred-Foot Journey (2014),5,en
225,Love & Mercy,PG-13,Biography,2014,"June 19, 2015 (United States)",7.4,37000.0,Bill Pohlad,Oren Moverman,John Cusack,United States,10000000.0,28641776.0,River Road Entertainment,121.0,Love & Mercy (2014),4,en
226,Addicted,R,Drama,2014,"October 10, 2014 (United States)",5.1,10000.0,Bille Woodruff,Christina Welsh,Sharon Leal,United States,5000000.0,17534314.0,Codeblack Entertainment,106.0,Addicted (2014),1,en
227,Jersey Boys,R,Biography,2014,"June 20, 2014 (United States)",6.8,33000.0,Clint Eastwood,Marshall Brickman,John Lloyd Young,United States,40000000.0,67647013.0,Four Seasons Partnership,134.0,Jersey Boys (2014),10,en
228,Muppets Most Wanted,PG,Adventure,2014,"March 21, 2014 (United States)",6.4,33000.0,James Bobin,James Bobin,Ricky Gervais,United States,50000000.0,80383113.0,Walt Disney Pictures,107.0,Muppets Most Wanted (2014),18,en
229,Pawn Sacrifice,PG-13,Biography,2014,"September 25, 2015 (United States)",7.0,42000.0,Edward Zwick,Steven Knight,Tobey Maguire,United States,19000000.0,5578519.0,Gail Katz Productions,115.0,Pawn Sacrifice (2014),1,en
230,The Legend of Hercules,PG-13,Action,2014,"January 10, 2014 (United States)",4.2,53000.0,Renny Harlin,Sean Hood,Kellan Lutz,United States,70000000.0,61279452.0,Summit Entertainment,99.0,The Legend of Hercules (2014),4,en
231,Winter's Tale,PG-13,Drama,2014,"February 14, 2014 (United States)",6.2,53000.0,Akiva Goldsman,Akiva Goldsman,Colin Farrell,United States,60000000.0,30800231.0,Village Roadshow Pictures,118.0,Winter's Tale (2014),4,en
232,Mr. Peabody & Sherman,PG,Animation,2014,"March 7, 2014 (United States)",6.8,65000.0,Rob Minkoff,Jay Ward,Ty Burrell,United States,145000000.0,275698039.0,Bullwinkle Studios,92.0,Mr. Peabody & Sherman (2014),58,en
233,A Long Way Down,R,Comedy,2014,"June 5, 2014 (United States)",6.4,32000.0,Pascal Chaumeil,Nick Hornby,Pierce Brosnan,United Kingdom,12000000.0,7257942.0,Wildgaze Films,96.0,A Long Way Down (2014),1,en
234,The Rover,R,Action,2014,"June 20, 2014 (United States)",6.4,46000.0,David Michôd,David Michôd,Guy Pearce,Australia,12000000.0,2510007.0,Porchlight Films,103.0,The Rover (2014),17,en
235,Lost River,R,Drama,2014,"April 10, 2015 (United States)",5.7,17000.0,Ryan Gosling,Ryan Gosling,Christina Hendricks,United States,2000000.0,615500.0,Bold Films,95.0,Lost River (2014),2,en
236,Magic in the Moonlight,PG-13,Comedy,2014,"August 15, 2014 (United States)",6.5,66000.0,Woody Allen,Woody Allen,Colin Firth,United States,16800000.0,51029361.0,Gravier Productions,97.0,Magic in the Moonlight (2014),3,en
237,Barefoot,PG-13,Comedy,2014,"September 4, 2014 (Israel)",6.6,24000.0,Andrew Fleming,Stephen Zotnowski,Evan Rachel Wood,United States,6000000.0,15071.0,WhiteFlame Productions,90.0,Barefoot (2014),1,en
238,Wish I Was Here,R,Comedy,2014,"July 25, 2014 (United States)",6.7,37000.0,Zach Braff,Adam J. Braff,Zach Braff,United States,6000000.0,5670776.0,Worldview Entertainment,106.0,Wish I Was Here (2014),2,en
239,While We're Young,R,Comedy,2014,"April 17, 2015 (United States)",6.3,48000.0,Noah Baumbach,Noah Baumbach,Ben Stiller,United States,10000000.0,18117839.0,IAC Films,97.0,While We're Young (2014),12,en
240,99 Homes,R,Drama,2014,"October 9, 2015 (United States)",7.1,32000.0,Ramin Bahrani,Ramin Bahrani,Andrew Garfield,United States,8000000.0,1828232.0,Broad Green Pictures,112.0,99 Homes (2014),2,en
241,The Hateful Eight,R,Crime,2015,"December 30, 2015 (United States)",7.8,539000.0,Quentin Tarantino,Quentin Tarantino,Samuel L. Jackson,United States,44000000.0,156480177.0,Visiona Romantica,168.0,The Hateful Eight (2015),55,en
242,The Big Short,R,Biography,2015,"December 23, 2015 (United States)",7.8,381000.0,Adam McKay,Charles Randolph,Christian Bale,United States,28000000.0,133440870.0,Paramount Pictures,130.0,The Big Short (2015),9,en
243,The Martian,PG-13,Adventure,2015,"October 2, 2015 (United States)",8.0,783000.0,Ridley Scott,Drew Goddard,Matt Damon,United Kingdom,108000000.0,630162448.0,Twentieth Century Fox,144.0,The Martian (2015),618,en
244,Spotlight,R,Biography,2015,"November 20, 2015 (United States)",8.1,435000.0,Tom McCarthy,Josh Singer,Mark Ruffalo,United States,20000000.0,98690254.0,Participant,129.0,Spotlight (2015),7,en
245,In the Heart of the Sea,PG-13,Action,2015,"December 11, 2015 (United States)",6.9,128000.0,Ron Howard,Charles Leavitt,Chris Hemsworth,United States,100000000.0,93920758.0,Warner Bros.,122.0,In the Heart of the Sea (2015),36,en
246,The Bronze,R,Comedy,2015,"March 18, 2016 (United States)",6.1,11000.0,Bryan Buckley,Melissa Rauch,Melissa Rauch,United States,3500000.0,615816.0,Duplass Brothers Productions,100.0,The Bronze (2015),185,en
247,The Intern,PG-13,Comedy,2015,"September 25, 2015 (United States)",7.1,231000.0,Nancy Meyers,Nancy Meyers,Robert De Niro,United States,35000000.0,194564672.0,Waverly Films,121.0,The Intern (2015),3,en
248,Blackhat,R,Action,2015,"January 16, 2015 (United States)",5.4,56000.0,Michael Mann,Morgan Davis Foehl,Chris Hemsworth,United States,70000000.0,19652057.0,Forward Pass,133.0,Blackhat (2015),2,en
249,Fantastic Four,PG-13,Action,2015,"August 7, 2015 (United States)",4.2,156000.0,Josh Trank,Jeremy Slater,Miles Teller,United States,120000000.0,167882881.0,Twentieth Century Fox,100.0,Fantastic Four (2015),137,en
250,The Visit,PG-13,Horror,2015,"September 11, 2015 (United States)",6.2,119000.0,M. Night Shyamalan,M. Night Shyamalan,Olivia DeJonge,United States,5000000.0,98450062.0,Blinding Edge Pictures,94.0,The Visit (2015),1,en
251,Vacation,R,Adventure,2015,"July 29, 2015 (United States)",6.1,103000.0,John Francis Daley,Jonathan Goldstein,Ed Helms,United States,31000000.0,107228221.0,BenderSpink,99.0,Vacation (2015),6,en
252,The Age of Adaline,PG-13,Drama,2015,"April 24, 2015 (United States)",7.2,160000.0,Lee Toland Krieger,J. Mills Goodloe,Blake Lively,United States,25000000.0,65663276.0,Lakeshore Entertainment,112.0,The Age of Adaline (2015),20,en
253,Black Mass,R,Biography,2015,"September 18, 2015 (United States)",6.9,171000.0,Scott Cooper,Mark Mallouk,Johnny Depp,United States,53000000.0,99775678.0,Cross Creek Pictures,123.0,Black Mass (2015),3,en
254,Home,PG,Animation,2015,"March 27, 2015 (United States)",6.6,95000.0,Tim Johnson,Tom J. Astle,Jim Parsons,United States,135000000.0,386041607.0,DreamWorks Animation,94.0,Home (2015),40,en
255,Jupiter Ascending,PG-13,Action,2015,"February 6, 2015 (United States)",5.3,182000.0,Lana Wachowski,Lilly Wachowski,Channing Tatum,United States,176000000.0,183887723.0,Warner Bros.,127.0,Jupiter Ascending (2015),837,en
256,I Saw the Light,R,Biography,2015,"April 1, 2016 (United States)",5.8,6700.0,Marc Abraham,Marc Abraham,Tom Hiddleston,United States,13000000.0,1767963.0,BRON Studios,123.0,I Saw the Light (2015),16,en
257,Minions,PG,Animation,2015,"July 10, 2015 (United States)",6.4,218000.0,Kyle Balda,Brian Lynch,Sandra Bullock,United States,74000000.0,1159444662.0,Illumination Entertainment,91.0,Minions (2015),126,en
258,San Andreas,PG-13,Action,2015,"May 29, 2015 (United States)",6.1,219000.0,Brad Peyton,Carlton Cuse,Dwayne Johnson,United States,110000000.0,473990832.0,New Line Cinema,114.0,San Andreas (2015),4,en
259,Trainwreck,R,Comedy,2015,"July 17, 2015 (United States)",6.2,132000.0,Judd Apatow,Amy Schumer,Amy Schumer,United States,35000000.0,140795793.0,Universal Pictures,125.0,Trainwreck (2015),15,en
260,Tomorrowland,PG,Action,2015,"May 22, 2015 (United States)",6.4,175000.0,Brad Bird,Damon Lindelof,George Clooney,United States,190000000.0,209035668.0,Walt Disney Pictures,130.0,Tomorrowland (2015),26,en
261,Bridge of Spies,PG-13,Drama,2015,"October 16, 2015 (United States)",7.6,295000.0,Steven Spielberg,Matt Charman,Tom Hanks,United States,40000000.0,165478348.0,Dreamworks Pictures,142.0,Bridge of Spies (2015),3,en
262,The Danish Girl,R,Biography,2015,"January 22, 2016 (United States)",7.1,170000.0,Tom Hooper,Lucinda Coxon,Eddie Redmayne,United Kingdom,15000000.0,64191523.0,Working Title Films,119.0,The Danish Girl (2015),27,en
263,Straight Outta Compton,R,Biography,2015,"August 14, 2015 (United States)",7.8,185000.0,F. Gary Gray,Jonathan Herman,O'Shea Jackson Jr.,United States,28000000.0,201634991.0,Universal Pictures,147.0,Straight Outta Compton (2015),6,en
264,The Boy Next Door,R,Thriller,2015,"January 23, 2015 (United States)",4.7,40000.0,Rob Cohen,Barbara Curry,Jennifer Lopez,United States,4000000.0,52425855.0,Universal Pictures,91.0,The Boy Next Door (2015),2,en
265,Southpaw,R,Action,2015,"July 24, 2015 (United States)",7.4,223000.0,Antoine Fuqua,Kurt Sutter,Jake Gyllenhaal,Hong Kong,30000000.0,91970827.0,Escape Artists,124.0,Southpaw (2015),4,en
266,The Last Witch Hunter,PG-13,Action,2015,"October 23, 2015 (United States)",6.0,98000.0,Breck Eisner,Cory Goodman,Vin Diesel,United States,90000000.0,146936910.0,Summit Entertainment,106.0,The Last Witch Hunter (2015),30,en
267,The Good Dinosaur,PG,Animation,2015,"November 25, 2015 (United States)",6.7,106000.0,Peter Sohn,Bob Peterson,Jeffrey Wright,United States,200000000.0,332207671.0,Pixar Animation Studios,93.0,The Good Dinosaur (2015),7,en
268,Point Break,PG-13,Action,2015,"December 25, 2015 (United States)",5.3,60000.0,Ericson Core,Kurt Wimmer,Edgar Ramírez,China,105000000.0,133718711.0,Alcon Entertainment,114.0,Point Break (2015),22,en
269,Scouts Guide to the Zombie Apocalypse,R,Action,2015,"October 30, 2015 (United States)",6.3,47000.0,Christopher Landon,Carrie Lee Wilson,Tye Sheridan,United States,15000000.0,16137046.0,Paramount Pictures,93.0,Scouts Guide to the Zombie Apocalypse (2015),4,en
270,Self/less,PG-13,Action,2015,"July 10, 2015 (United States)",6.5,93000.0,Tarsem Singh,Àlex Pastor,Ryan Reynolds,United States,26000000.0,31807156.0,Focus Features,117.0,Self/less (2015),1,en
271,Demolition,R,Comedy,2015,"April 8, 2016 (United States)",7.0,93000.0,Jean-Marc Vallée,Bryan Sipe,Jake Gyllenhaal,United States,10000000.0,4366460.0,Black Label Media,101.0,Demolition (2015),2,en
272,Run All Night,R,Action,2015,"March 13, 2015 (United States)",6.6,105000.0,Jaume Collet-Serra,Brad Ingelsby,Liam Neeson,United States,50000000.0,71561644.0,Warner Bros.,114.0,Run All Night (2015),3,en
273,The Longest Ride,PG-13,Drama,2015,"April 10, 2015 (United States)",7.1,79000.0,George Tillman Jr.,Nicholas Sparks,Scott Eastwood,United States,34000000.0,62944815.0,Fox 2000 Pictures,123.0,The Longest Ride (2015),1,en
274,Secret in Their Eyes,PG-13,Crime,2015,"November 20, 2015 (United States)",6.3,46000.0,Billy Ray,Billy Ray,Chiwetel Ejiofor,United States,19500000.0,34854990.0,IM Global,111.0,Secret in Their Eyes (2015),2,en
275,Irrational Man,R,Comedy,2015,"August 7, 2015 (United States)",6.6,60000.0,Woody Allen,Woody Allen,Joaquin Phoenix,United States,11000000.0,27391084.0,Gravier Productions,95.0,Irrational Man (2015),1,en
276,The Lady in the Van,PG-13,Biography,2015,"February 26, 2016 (United States)",6.7,27000.0,Nicholas Hytner,Alan Bennett,Maggie Smith,United Kingdom,6000000.0,41387687.0,BBC Films,104.0,The Lady in the Van (2015),1,en
277,Beasts of No Nation,TV-MA,Drama,2015,"October 16, 2015 (United States)",7.7,76000.0,Cary Joji Fukunaga,Cary Joji Fukunaga,Abraham Attah,United States,6000000.0,90777.0,Red Crown Productions,137.0,Beasts of No Nation (2015),1,en
278,Me and Earl and the Dying Girl,PG-13,Comedy,2015,"July 1, 2015 (United States)",7.7,126000.0,Alfonso Gomez-Rejon,Jesse Andrews,Thomas Mann,United States,8000000.0,9074749.0,Fox Searchlight Pictures,105.0,Me and Earl and the Dying Girl (2015),3,en
279,The Walk,PG,Action,2015,"October 9, 2015 (United States)",7.3,123000.0,Robert Zemeckis,Robert Zemeckis,Joseph Gordon-Levitt,United States,35000000.0,61181942.0,Sony Pictures Entertainment (SPE),123.0,The Walk (2015),1,en
280,Eye in the Sky,R,Action,2015,"April 1, 2016 (United States)",7.3,81000.0,Gavin Hood,Guy Hibbert,Helen Mirren,United Kingdom,13000000.0,35259653.0,Raindog Films,102.0,Eye in the Sky (2015),1,en
281,The Man Who Knew Infinity,PG-13,Biography,2015,"April 29, 2016 (United States)",7.2,53000.0,Matt Brown,Matt Brown,Dev Patel,United Kingdom,10000000.0,12252684.0,Pressman Film,108.0,The Man Who Knew Infinity (2015),23,en
282,Z for Zachariah,PG-13,Drama,2015,"August 13, 2015 (Denmark)",6.0,29000.0,Craig Zobel,Nissar Modi,Chiwetel Ejiofor,Iceland,7500000.0,381839.0,Silver Reel,98.0,Z for Zachariah (2015),2,en
283,The Gunman,R,Action,2015,"March 20, 2015 (United States)",5.8,40000.0,Pierre Morel,Jean-Patrick Manchette,Sean Penn,United States,40000000.0,24177137.0,Open Road Films (II),115.0,The Gunman (2015),4,en
284,The Peanuts Movie,G,Animation,2015,"November 6, 2015 (United States)",7.1,43000.0,Steve Martino,Craig Schulz,Noah Schnapp,United States,99000000.0,246233113.0,Twentieth Century Fox Animation,88.0,The Peanuts Movie (2015),4,en
285,The Lazarus Effect,PG-13,Horror,2015,"February 27, 2015 (United States)",5.2,42000.0,David Gelb,Luke Dawson,Olivia Wilde,United States,3300000.0,38356892.0,Blumhouse Productions,83.0,The Lazarus Effect (2015),2,en
286,Louder Than Bombs,R,Drama,2015,"October 2, 2015 (Norway)",6.6,12000.0,Joachim Trier,Joachim Trier,Jesse Eisenberg,Norway,11000000.0,1160724.0,Motlys,109.0,Louder Than Bombs (2015),2,en
287,Slow West,R,Action,2015,"April 16, 2015 (United States)",6.9,44000.0,John Maclean,John Maclean,Kodi Smit-McPhee,United Kingdom,2000000.0,1295574.0,Film4,84.0,Slow West (2015),35,en
288,Ricki and the Flash,PG-13,Comedy,2015,"August 7, 2015 (United States)",5.9,23000.0,Jonathan Demme,Diablo Cody,Meryl Streep,United States,18000000.0,41325328.0,Clinica Estetico,101.0,Ricki and the Flash (2015),6,en
289,The Magnificent Seven,PG-13,Action,2016,"September 23, 2016 (United States)",6.9,191000.0,Antoine Fuqua,Akira Kurosawa,Denzel Washington,United States,90000000.0,162360636.0,Metro-Goldwyn-Mayer (MGM),132.0,The Magnificent Seven (2016),1227,en
290,Warcraft,PG-13,Action,2016,"June 10, 2016 (United States)",6.8,249000.0,Duncan Jones,Charles Leavitt,Travis Fimmel,China,160000000.0,439048914.0,Legendary Entertainment,123.0,Warcraft (2016),720,en
291,Don't Breathe,R,Crime,2016,"August 26, 2016 (United States)",7.1,235000.0,Fede Alvarez,Fede Alvarez,Stephen Lang,United States,9900000.0,157830487.0,Screen Gems,88.0,Don't Breathe (2016),23,en
292,Captain Fantastic,R,Comedy,2016,"July 29, 2016 (United States)",7.9,201000.0,Matt Ross,Matt Ross,Viggo Mortensen,United States,5000000.0,23123592.0,Electric City Entertainment,118.0,Captain Fantastic (2016),2,en
293,Hacksaw Ridge,R,Biography,2016,"November 4, 2016 (United States)",8.1,457000.0,Mel Gibson,Robert Schenkkan,Andrew Garfield,Australia,40000000.0,180563636.0,Summit Entertainment,139.0,Hacksaw Ridge (2016),69,en
294,Rogue One: A Star Wars Story,PG-13,Action,2016,"December 16, 2016 (United States)",7.8,572000.0,Gareth Edwards,Chris Weitz,Felicity Jones,United States,200000000.0,1056057720.0,Lucasfilm,133.0,Rogue One: A Star Wars Story (2016),9377,en
295,The Nice Guys,R,Action,2016,"May 20, 2016 (United States)",7.4,294000.0,Shane Black,Shane Black,Russell Crowe,United States,50000000.0,62788218.0,Warner Bros.,116.0,The Nice Guys (2016),140,en
296,Miss Peregrine's Home for Peculiar Children,PG-13,Adventure,2016,"September 30, 2016 (United States)",6.7,160000.0,Tim Burton,Ransom Riggs,Eva Green,United States,110000000.0,296482446.0,Twentieth Century Fox,127.0,Miss Peregrine's Home for Peculiar Children (2016),355,en
297,The Shallows,PG-13,Action,2016,"June 24, 2016 (United States)",6.3,124000.0,Jaume Collet-Serra,Anthony Jaswinski,Blake Lively,United States,17000000.0,119100758.0,Columbia Pictures,86.0,The Shallows (2016),2,en
298,Sausage Party,R,Animation,2016,"August 12, 2016 (United States)",6.1,181000.0,Greg Tiernan,Kyle Hunter,Seth Rogen,United States,19000000.0,140705322.0,Annapurna Pictures,89.0,Sausage Party (2016),13,en
299,The Girl on the Train,R,Crime,2016,"October 7, 2016 (United States)",6.5,176000.0,Tate Taylor,Erin Cressida Wilson,Emily Blunt,United States,45000000.0,173185859.0,Dreamworks Pictures,112.0,The Girl on the Train (2016),5,en
300,Hell or High Water,R,Action,2016,"August 26, 2016 (United States)",7.6,211000.0,David Mackenzie,Taylor Sheridan,Chris Pine,United States,12000000.0,37879877.0,CBS Films,102.0,Hell or High Water (2016),10,en
301,Ghostbusters,PG-13,Action,2016,"July 15, 2016 (United States)",6.7,209000.0,Paul Feig,Katie Dippold,Melissa McCarthy,United States,144000000.0,229147509.0,Columbia Pictures,117.0,Ghostbusters (2016),2252,en
302,The Accountant,R,Action,2016,"October 14, 2016 (United States)",7.3,271000.0,Gavin O'Connor,Bill Dubuque,Ben Affleck,United States,44000000.0,155160045.0,Warner Bros.,128.0,The Accountant (2016),125,en
303,The Neon Demon,R,Horror,2016,"June 24, 2016 (United States)",6.2,87000.0,Nicolas Winding Refn,Nicolas Winding Refn,Elle Fanning,United States,7000000.0,3377430.0,Space Rocket Nation,117.0,The Neon Demon (2016),13,en
304,The Legend of Tarzan,PG-13,Action,2016,"July 1, 2016 (United States)",6.2,168000.0,David Yates,Adam Cozad,Alexander Skarsgård,United Kingdom,180000000.0,356700357.0,Village Roadshow Pictures,110.0,The Legend of Tarzan (2016),39,en
305,Miss Sloane,R,Drama,2016,"December 9, 2016 (United States)",7.5,68000.0,John Madden,Jonathan Perera,Jessica Chastain,France,13000000.0,9101546.0,EuropaCorp,132.0,Miss Sloane (2016),12,en
306,10 Cloverfield Lane,PG-13,Action,2016,"March 11, 2016 (United States)",7.2,300000.0,Dan Trachtenberg,Josh Campbell,John Goodman,United States,15000000.0,110216998.0,Paramount Pictures,103.0,10 Cloverfield Lane (2016),13,en
307,The Lost City of Z,PG-13,Biography,2016,"April 21, 2017 (United States)",6.6,83000.0,James Gray,James Gray,Charlie Hunnam,United States,30000000.0,19263938.0,Keep Your Head,141.0,The Lost City of Z (2016),7,en
308,Lights Out,PG-13,Drama,2016,"July 22, 2016 (United States)",6.3,119000.0,David F. Sandberg,Eric Heisserer,Teresa Palmer,United States,4900000.0,148868835.0,New Line Cinema,81.0,Lights Out (2016),3,en
309,Allied,R,Action,2016,"November 23, 2016 (United States)",7.1,146000.0,Robert Zemeckis,Steven Knight,Brad Pitt,United Kingdom,85000000.0,119520023.0,Paramount Pictures,124.0,Allied (2016),2,en
310,How to Be Single,R,Comedy,2016,"February 12, 2016 (United States)",6.1,83000.0,Christian Ditter,Abby Kohn,Dakota Johnson,United States,38000000.0,112343513.0,New Line Cinema,110.0,How to Be Single (2016),2,en
311,Sully,PG-13,Biography,2016,"September 9, 2016 (United States)",7.4,248000.0,Clint Eastwood,Todd Komarnicki,Tom Hanks,United States,60000000.0,240797623.0,Flashlight Films,96.0,Sully (2016),3,en
312,Pride and Prejudice and Zombies,PG-13,Action,2016,"February 5, 2016 (United States)",5.8,53000.0,Burr Steers,Burr Steers,Lily James,United States,28000000.0,16457494.0,Cross Creek Pictures,108.0,Pride and Prejudice and Zombies (2016),58,en
313,The Edge of Seventeen,R,Comedy,2016,"November 18, 2016 (United States)",7.3,110000.0,Kelly Fremon Craig,Kelly Fremon Craig,Hailee Steinfeld,United States,9000000.0,19370020.0,Gracie Films,104.0,The Edge of Seventeen (2016),11,en
314,The 5th Wave,PG-13,Action,2016,"January 22, 2016 (United States)",5.2,103000.0,J Blakeson,Susannah Grant,Chloë Grace Moretz,United States,38000000.0,109906372.0,Columbia Pictures,112.0,The 5th Wave (2016),7,en
315,Paterson,R,Comedy,2016,"December 28, 2016 (United States)",7.4,74000.0,Jim Jarmusch,Jim Jarmusch,Adam Driver,France,5000000.0,9588282.0,K5 International,118.0,Paterson (2016),191,en
316,Swiss Army Man,R,Comedy,2016,"July 1, 2016 (United States)",7.0,109000.0,Dan Kwan,Daniel Scheinert,Paul Dano,United States,3000000.0,4935501.0,Astrakan Films,97.0,Swiss Army Man (2016),35,en
317,Collateral Beauty,PG-13,Drama,2016,"December 16, 2016 (United States)",6.8,95000.0,David Frankel,Allan Loeb,Will Smith,United States,36000000.0,88528280.0,New Line Cinema,97.0,Collateral Beauty (2016),1,en
318,The Brothers Grimsby,R,Action,2016,"March 11, 2016 (United States)",6.2,96000.0,Louis Leterrier,Sacha Baron Cohen,Sacha Baron Cohen,United Kingdom,35000000.0,27979040.0,Blue Sky Films,83.0,The Brothers Grimsby (2016),4,en
319,Everybody Wants Some!!,R,Comedy,2016,"April 7, 2016 (Russia)",6.9,53000.0,Richard Linklater,Richard Linklater,Blake Jenner,United States,10000000.0,4644472.0,Annapurna Pictures,117.0,Everybody Wants Some!! (2016),30,en
320,The Finest Hours,PG-13,Action,2016,"January 29, 2016 (United States)",6.8,63000.0,Craig Gillespie,Scott Silver,Chris Pine,United States,80000000.0,52099090.0,Walt Disney Pictures,117.0,The Finest Hours (2016),9,en
321,The BFG,PG,Adventure,2016,"July 1, 2016 (United States)",6.4,80000.0,Steven Spielberg,Melissa Mathison,Mark Rylance,United States,140000000.0,195243411.0,Walt Disney Pictures,117.0,The BFG (2016),3,en
322,Midnight Special,PG-13,Drama,2016,"April 21, 2016 (Greece)",6.6,77000.0,Jeff Nichols,Jeff Nichols,Michael Shannon,United States,18000000.0,6740647.0,Warner Bros.,112.0,Midnight Special (2016),99,en
323,The Light Between Oceans,PG-13,Drama,2016,"September 2, 2016 (United States)",7.2,54000.0,Derek Cianfrance,Derek Cianfrance,Michael Fassbender,United Kingdom,20000000.0,25975621.0,Heyday Films,133.0,The Light Between Oceans (2016),9,en
324,Free State of Jones,R,Action,2016,"June 24, 2016 (United States)",6.9,55000.0,Gary Ross,Gary Ross,Matthew McConaughey,United States,50000000.0,25035950.0,Route One Entertainment,139.0,Free State of Jones (2016),1,en
325,Pete's Dragon,PG,Action,2016,"August 12, 2016 (United States)",6.7,55000.0,David Lowery,David Lowery,Bryce Dallas Howard,United States,65000000.0,143695338.0,Walt Disney Pictures,102.0,Pete's Dragon (2016),17,en
326,A Monster Calls,PG-13,Adventure,2016,"January 6, 2017 (United States)",7.5,83000.0,J.A. Bayona,Patrick Ness,Lewis MacDougall,United Kingdom,43000000.0,47309313.0,Participant,108.0,A Monster Calls (2016),8,en
327,Kubo and the Two Strings,PG,Animation,2016,"August 19, 2016 (United States)",7.8,121000.0,Travis Knight,Marc Haimes,Charlize Theron,United States,60000000.0,76249438.0,Focus Features,101.0,Kubo and the Two Strings (2016),165,en
328,Café Society,PG-13,Comedy,2016,"August 5, 2016 (United States)",6.6,73000.0,Woody Allen,Woody Allen,Jesse Eisenberg,United States,30000000.0,43763247.0,Gravier Productions,96.0,Café Society (2016),3,en
329,Office Christmas Party,R,Comedy,2016,"December 9, 2016 (United States)",5.9,72000.0,Josh Gordon,Jon Lucas,Jason Bateman,United States,45000000.0,114501299.0,DreamWorks,105.0,Office Christmas Party (2016),2,en
330,Batman: The Killing Joke,R,Animation,2016,"July 25, 2016 (United States)",6.4,52000.0,Sam Liu,Brian Azzarello,Kevin Conroy,United States,3500000.0,4462034.0,Warner Bros. Animation,76.0,Batman: The Killing Joke (2016),28,en
331,Money Monster,R,Crime,2016,"May 13, 2016 (United States)",6.5,96000.0,Jodie Foster,Jamie Linden,George Clooney,United States,27000000.0,93282604.0,TriStar Pictures,98.0,Money Monster (2016),2,en
332,The Hollars,PG-13,Comedy,2016,"August 26, 2016 (United States)",6.6,12000.0,John Krasinski,Jim Strouse,Sharlto Copley,United States,3800000.0,1138609.0,Sycamore Pictures,88.0,The Hollars (2016),1,en
333,Billy Lynn's Long Halftime Walk,R,Action,2016,"November 18, 2016 (United States)",6.2,22000.0,Ang Lee,Ben Fountain,Joe Alwyn,United Kingdom,40000000.0,30930984.0,Bona Film Group,113.0,Billy Lynn's Long Halftime Walk (2016),17,en
334,Personal Shopper,R,Drama,2016,"March 10, 2017 (United States)",6.1,37000.0,Olivier Assayas,Olivier Assayas,Kristen Stewart,France,6000000.0,2840408.0,CG Cinéma,105.0,Personal Shopper (2016),4,en
335,Love & Friendship,PG,Comedy,2016,"June 3, 2016 (United States)",6.4,24000.0,Whit Stillman,Whit Stillman,Kate Beckinsale,Ireland,3000000.0,21401949.0,Westerly Films,90.0,Love & Friendship (2016),8,en
336,Bleed for This,R,Biography,2016,"November 18, 2016 (United States)",6.8,26000.0,Ben Younger,Ben Younger,Miles Teller,United States,6000000.0,6698679.0,Verdi Productions,117.0,Bleed for This (2016),10,en
337,Whiskey Tango Foxtrot,R,Biography,2016,"March 4, 2016 (United States)",6.6,51000.0,Glenn Ficarra,Robert Carlock,Tina Fey,United States,35000000.0,24972139.0,Broadway Video,112.0,Whiskey Tango Foxtrot (2016),16,en
338,The Greatest Showman,PG,Biography,2017,"December 20, 2017 (United States)",7.6,251000.0,Michael Gracey,Jenny Bicks,Hugh Jackman,United States,84000000.0,438006904.0,Bona Film Group,105.0,The Greatest Showman (2017),1017,en
339,Baby Driver,R,Action,2017,"June 28, 2017 (United States)",7.6,466000.0,Edgar Wright,Edgar Wright,Ansel Elgort,United Kingdom,34000000.0,226945087.0,TriStar Pictures,113.0,Baby Driver (2017),207,en
340,The Shape of Water,R,Adventure,2017,"December 22, 2017 (United States)",7.3,386000.0,Guillermo del Toro,Guillermo del Toro,Sally Hawkins,United States,19400000.0,195333312.0,Double Dare You (DDY),123.0,The Shape of Water (2017),218,en
341,Beauty and the Beast,PG,Family,2017,"March 17, 2017 (United States)",7.1,283000.0,Bill Condon,Stephen Chbosky,Emma Watson,United States,160000000.0,1264434525.0,Mandeville Films,129.0,Beauty and the Beast (2017),1519,en
342,Murder on the Orient Express,PG-13,Crime,2017,"November 10, 2017 (United States)",6.5,221000.0,Kenneth Branagh,Michael Green,Kenneth Branagh,Malta,55000000.0,352794081.0,Twentieth Century Fox,114.0,Murder on the Orient Express (2017),61,en
343,King Arthur: Legend of the Sword,PG-13,Action,2017,"May 12, 2017 (United States)",6.7,200000.0,Guy Ritchie,Joby Harold,Charlie Hunnam,United Kingdom,175000000.0,148675066.0,Warner Bros.,126.0,King Arthur: Legend of the Sword (2017),385,en
344,Good Time,R,Crime,2017,"August 25, 2017 (United States)",7.4,100000.0,Benny Safdie,Ronald Bronstein,Robert Pattinson,United States,4500000.0,3283369.0,Elara Pictures,102.0,Good Time (2017),12,en
345,Ghost in the Shell,PG-13,Action,2017,"March 31, 2017 (United States)",6.3,202000.0,Rupert Sanders,Shirow Masamune,Scarlett Johansson,United States,110000000.0,169846945.0,Paramount Pictures,107.0,Ghost in the Shell (2017),17,en
346,Valerian and the City of a Thousand Planets,PG-13,Action,2017,"July 21, 2017 (United States)",6.5,168000.0,Luc Besson,Pierre Christin,Dane DeHaan,France,177200000.0,225973340.0,EuropaCorp,136.0,Valerian and the City of a Thousand Planets (2017),38,en
347,The Dark Tower,PG-13,Action,2017,"August 4, 2017 (United States)",5.6,131000.0,Nikolaj Arcel,Akiva Goldsman,Idris Elba,United States,60000000.0,113231078.0,Columbia Pictures,95.0,The Dark Tower (2017),41,en
348,American Assassin,R,Action,2017,"September 15, 2017 (United States)",6.2,75000.0,Michael Cuesta,Stephen Schiff,Dylan O'Brien,United States,33000000.0,67234188.0,CBS Films,111.0,American Assassin (2017),131,en
349,The Florida Project,R,Drama,2017,"November 10, 2017 (United Kingdom)",7.6,101000.0,Sean Baker,Sean Baker,Brooklynn Prince,United States,2000000.0,10971298.0,Cre Film,111.0,The Florida Project (2017),4,en
350,Life,R,Horror,2017,"March 24, 2017 (United States)",6.6,213000.0,Daniel Espinosa,Rhett Reese,Jake Gyllenhaal,United Kingdom,58000000.0,100541806.0,Columbia Pictures,104.0,Life (2017),20,en
351,The Death of Stalin,R,Comedy,2017,"March 9, 2018 (United States)",7.2,92000.0,Armando Iannucci,Armando Iannucci,Steve Buscemi,United Kingdom,13000000.0,24646055.0,Quad Productions,107.0,The Death of Stalin (2017),12,en
352,Phantom Thread,R,Drama,2017,"January 19, 2018 (United States)",7.5,118000.0,Paul Thomas Anderson,Paul Thomas Anderson,Vicky Krieps,United States,35000000.0,47756590.0,Focus Features,130.0,Phantom Thread (2017),15,en
353,Geostorm,PG-13,Action,2017,"October 20, 2017 (United States)",5.3,99000.0,Dean Devlin,Dean Devlin,Gerard Butler,United States,120000000.0,221600160.0,Warner Bros.,109.0,Geostorm (2017),10,en
354,Rough Night,R,Comedy,2017,"June 16, 2017 (United States)",5.2,49000.0,Lucia Aniello,Lucia Aniello,Scarlett Johansson,United States,20000000.0,47347283.0,Paulilu Productions,101.0,Rough Night (2017),4,en
355,The Mummy,PG-13,Action,2017,"June 9, 2017 (United States)",5.4,177000.0,Alex Kurtzman,David Koepp,Tom Cruise,United States,125000000.0,409231607.0,Universal Pictures,110.0,The Mummy (2017),100,en
356,Only the Brave,PG-13,Action,2017,"October 20, 2017 (United States)",7.6,62000.0,Joseph Kosinski,Sean Flynn,Josh Brolin,United States,38000000.0,26351322.0,Columbia Pictures,134.0,Only the Brave (2017),3,en
357,The Beguiled,R,Drama,2017,"June 30, 2017 (United States)",6.3,54000.0,Sofia Coppola,Sofia Coppola,Nicole Kidman,United States,10500000.0,27869129.0,American Zoetrope,93.0,The Beguiled (2017),2,en
358,Thoroughbreds,R,Comedy,2017,"March 9, 2018 (United States)",6.7,38000.0,Cory Finley,Cory Finley,Olivia Cooke,United States,6000000.0,3187255.0,B Story,92.0,Thoroughbreds (2017),42,en
359,The Snowman,R,Crime,2017,"October 20, 2017 (United States)",5.1,60000.0,Tomas Alfredson,Jo Nesbø,Michael Fassbender,United Kingdom,35000000.0,43155261.0,Universal Pictures,119.0,The Snowman (2017),7,en
360,A Ghost Story,R,Drama,2017,"July 27, 2017 (Australia)",6.9,64000.0,David Lowery,David Lowery,Casey Affleck,United States,100000.0,1951683.0,Sailor Bear,92.0,A Ghost Story (2017),1,en
361,All the Money in the World,R,Biography,2017,"December 25, 2017 (United States)",6.8,79000.0,Ridley Scott,David Scarpa,Michelle Williams,United States,50000000.0,56996304.0,Imperative Entertainment,132.0,All the Money in the World (2017),2,en
362,Downsizing,R,Drama,2017,"December 22, 2017 (United States)",5.7,102000.0,Alexander Payne,Alexander Payne,Matt Damon,United States,68000000.0,55003890.0,Paramount Pictures,135.0,Downsizing (2017),7,en
363,The Space Between Us,PG-13,Drama,2017,"February 3, 2017 (United States)",6.4,50000.0,Peter Chelsom,Allan Loeb,Gary Oldman,United States,30000000.0,16080475.0,Los Angeles Media Fund (LAMF),120.0,The Space Between Us (2017),6,en
364,The Mountain Between Us,PG-13,Action,2017,"October 6, 2017 (United States)",6.4,70000.0,Hany Abu-Assad,Chris Weitz,Kate Winslet,United States,35000000.0,62832209.0,Chernin Entertainment,112.0,The Mountain Between Us (2017),1,en
365,Battle of the Sexes,PG-13,Biography,2017,"September 29, 2017 (United States)",6.7,52000.0,Jonathan Dayton,Simon Beaufoy,Emma Stone,United Kingdom,25000000.0,18598607.0,Cloud Eight Films,121.0,Battle of the Sexes (2017),1,en
366,A Dog's Purpose,PG,Adventure,2017,"January 27, 2017 (United States)",7.2,68000.0,Lasse Hallström,W. Bruce Cameron,Josh Gad,United States,22000000.0,205035819.0,Dreamworks Pictures,100.0,A Dog's Purpose (2017),5,en
367,Tulip Fever,R,Drama,2017,"September 1, 2017 (United States)",6.2,19000.0,Justin Chadwick,Deborah Moggach,Alicia Vikander,United Kingdom,25000000.0,9204549.0,Worldview Entertainment,105.0,Tulip Fever (2017),1,en
368,Captain Underpants: The First Epic Movie,PG,Animation,2017,"June 2, 2017 (United States)",6.2,26000.0,David Soren,Nicholas Stoller,Kevin Hart,United States,38000000.0,125427681.0,DreamWorks Animation,89.0,Captain Underpants: The First Epic Movie (2017),91,en
369,The Bye Bye Man,PG-13,Drama,2017,"January 13, 2017 (United States)",4.2,23000.0,Stacy Title,Jonathan Penner,Douglas Smith,United States,7400000.0,29874280.0,Huayi Brothers Media,96.0,The Bye Bye Man (2017),12,en
370,Hereditary,R,Drama,2018,"June 8, 2018 (United States)",7.3,259000.0,Ari Aster,Ari Aster,Toni Collette,United States,10000000.0,80239658.0,PalmStar Media,127.0,Hereditary (2018),60,en
371,Ready Player One,PG-13,Action,2018,"March 29, 2018 (United States)",7.4,388000.0,Steven Spielberg,Zak Penn,Tye Sheridan,United States,175000000.0,582893671.0,Warner Bros.,140.0,Ready Player One (2018),89,en
372,Crazy Rich Asians,PG-13,Comedy,2018,"August 15, 2018 (United States)",6.9,152000.0,Jon M. Chu,Peter Chiarelli,Constance Wu,United States,30000000.0,238539198.0,Warner Bros.,120.0,Crazy Rich Asians (2018),141,en
373,The Predator,R,Action,2018,"September 14, 2018 (United States)",5.3,120000.0,Shane Black,Fred Dekker,Boyd Holbrook,United States,88000000.0,160542134.0,Twentieth Century Fox,107.0,The Predator (2018),388,en
374,Solo: A Star Wars Story,PG-13,Action,2018,"May 25, 2018 (United States)",6.9,306000.0,Ron Howard,Jonathan Kasdan,Alden Ehrenreich,United States,275000000.0,392924807.0,Lucasfilm,135.0,Solo: A Star Wars Story (2018),618,en
375,Under the Silver Lake,R,Crime,2018,"April 19, 2019 (United States)",6.5,36000.0,David Robert Mitchell,David Robert Mitchell,Andrew Garfield,United States,8500000.0,2053469.0,Vendian Entertainment,139.0,Under the Silver Lake (2018),4,en
376,Den of Thieves,R,Action,2018,"January 19, 2018 (United States)",7.0,99000.0,Christian Gudegast,Christian Gudegast,Gerard Butler,United States,30000000.0,80509622.0,STX Films,140.0,Den of Thieves (2018),22,en
377,Red Sparrow,R,Action,2018,"March 2, 2018 (United States)",6.6,173000.0,Francis Lawrence,Justin Haythe,Jennifer Lawrence,United States,69000000.0,151572634.0,Chernin Entertainment,140.0,Red Sparrow (2018),4,en
378,Instant Family,PG-13,Comedy,2018,"November 16, 2018 (United States)",7.3,97000.0,Sean Anders,Sean Anders,Mark Wahlberg,United States,48000000.0,120556201.0,Closest to the Hole Productions,118.0,Instant Family (2018),2,en
379,The Favourite,R,Biography,2018,"December 21, 2018 (United States)",7.5,181000.0,Yorgos Lanthimos,Deborah Davis,Olivia Colman,Ireland,15000000.0,95918706.0,Fox Searchlight Pictures,119.0,The Favourite (2018),56,en
380,The Meg,PG-13,Action,2018,"August 10, 2018 (United States)",5.6,157000.0,Jon Turteltaub,Dean Georgaris,Jason Statham,United States,130000000.0,530259473.0,Di Bonaventura Pictures,113.0,The Meg (2018),25,en
381,Ophelia,PG-13,Drama,2018,"June 28, 2019 (United States)",6.6,8500.0,Claire McCarthy,Semi Chellas,Daisy Ridley,United Kingdom,12000000.0,242115.0,Covert Media,106.0,Ophelia (2018),56,en
382,The Nun,R,Horror,2018,"September 7, 2018 (United States)",5.3,127000.0,Corin Hardy,Gary Dauberman,Demián Bichir,United States,22000000.0,365551694.0,Atomic Monster,96.0,The Nun (2018),27,en
383,The Commuter,PG-13,Action,2018,"January 12, 2018 (United States)",6.3,107000.0,Jaume Collet-Serra,Byron Willinger,Liam Neeson,United States,30000000.0,119942387.0,StudioCanal,104.0,The Commuter (2018),4,en
384,Game Night,R,Action,2018,"February 23, 2018 (United States)",6.9,215000.0,John Francis Daley,Mark Perez,Jason Bateman,United States,37000000.0,117679066.0,Access Entertainment,100.0,Game Night (2018),2,en
385,The Hate U Give,PG-13,Crime,2018,"October 19, 2018 (United States)",7.5,33000.0,George Tillman Jr.,Audrey Wells,Amandla Stenberg,United States,23000000.0,34934009.0,Fox 2000 Pictures,133.0,The Hate U Give (2018),11,en
386,Bad Times at the El Royale,R,Crime,2018,"October 12, 2018 (United States)",7.1,135000.0,Drew Goddard,Drew Goddard,Jeff Bridges,United States,32000000.0,31882724.0,Goddard Textiles,141.0,Bad Times at the El Royale (2018),54,en
387,The Spy Who Dumped Me,R,Action,2018,"August 3, 2018 (United States)",6.1,72000.0,Susanna Fogel,Susanna Fogel,Justin Theroux,Canada,40000000.0,75339459.0,BRON Studios,117.0,The Spy Who Dumped Me (2018),21,en
388,Mary Queen of Scots,R,Biography,2018,"December 21, 2018 (United States)",6.3,45000.0,Josie Rourke,Beau Willimon,Saoirse Ronan,United Kingdom,25000000.0,46712809.0,Focus Features,124.0,Mary Queen of Scots (2018),8,en
389,The Girl in the Spider's Web,R,Action,2018,"November 9, 2018 (United States)",6.1,44000.0,Fede Alvarez,David Lagercrantz,Claire Foy,Germany,43000000.0,35164920.0,Columbia Pictures,115.0,The Girl in the Spider's Web (2018),1,en
390,First Man,PG-13,Biography,2018,"October 12, 2018 (United States)",7.3,176000.0,Damien Chazelle,Josh Singer,Ryan Gosling,United States,59000000.0,105713218.0,Universal Pictures,141.0,First Man (2018),2,en
391,Life Itself,R,Drama,2018,"September 21, 2018 (United States)",6.9,19000.0,Dan Fogelman,Dan Fogelman,Oscar Isaac,United States,10000000.0,7997774.0,FilmNation Entertainment,117.0,Life Itself (2018),1,en
392,The Sisters Brothers,R,Crime,2018,"October 19, 2018 (United States)",7.0,58000.0,Jacques Audiard,Jacques Audiard,John C. Reilly,France,38000000.0,13143056.0,Why Not Productions,122.0,The Sisters Brothers (2018),28,en
393,The Darkest Minds,PG-13,Action,2018,"August 3, 2018 (United States)",5.7,30000.0,Jennifer Yuh Nelson,Chad Hodge,Amandla Stenberg,United States,34000000.0,41142379.0,21 Laps Entertainment,104.0,The Darkest Minds (2018),33,en
394,Arctic,PG-13,Adventure,2018,"January 31, 2019 (Denmark)",6.8,46000.0,Joe Penna,Joe Penna,Mads Mikkelsen,Iceland,2000000.0,4165776.0,Armory Films,98.0,Arctic (2018),12,en
395,Life of the Party,PG-13,Comedy,2018,"May 11, 2018 (United States)",5.6,35000.0,Ben Falcone,Melissa McCarthy,Melissa McCarthy,United States,30000000.0,65859911.0,New Line Cinema,105.0,Life of the Party (2018),3,en
396,Christopher Robin,PG,Adventure,2018,"August 3, 2018 (United States)",7.3,72000.0,Marc Forster,A.A. Milne,Ewan McGregor,United Kingdom,75000000.0,197744377.0,2DUX²,104.0,Christopher Robin (2018),14,en
397,On the Basis of Sex,PG-13,Biography,2018,"January 11, 2019 (United States)",7.1,31000.0,Mimi Leder,Daniel Stiepleman,Felicity Jones,United States,20000000.0,38755900.0,Alibaba Pictures,120.0,On the Basis of Sex (2018),1,en
398,Assassination Nation,R,Action,2018,"September 21, 2018 (United States)",6.0,17000.0,Sam Levinson,Sam Levinson,Odessa Young,United States,7000000.0,2584988.0,BRON Studios,108.0,Assassination Nation (2018),9,en
399,The Nutcracker and the Four Realms,PG,Adventure,2018,"November 2, 2018 (United States)",5.6,30000.0,Lasse Hallström,Ashleigh Powell,Mackenzie Foy,United States,120000000.0,173961069.0,Walt Disney Pictures,99.0,The Nutcracker and the Four Realms (2018),19,en
400,The Happytime Murders,R,Action,2018,"August 24, 2018 (United States)",5.4,26000.0,Brian Henson,Todd Berger,Melissa McCarthy,United States,40000000.0,27506452.0,STX Entertainment,91.0,The Happytime Murders (2018),6,en
401,Tully,R,Comedy,2018,"May 4, 2018 (United States)",7.0,55000.0,Jason Reitman,Diablo Cody,Charlize Theron,United States,13000000.0,15636462.0,BRON Studios,95.0,Tully (2018),1,en
402,Smallfoot,PG,Animation,2018,"September 28, 2018 (United States)",6.6,36000.0,Karey Kirkpatrick,Karey Kirkpatrick,Channing Tatum,United States,80000000.0,214040103.0,Warner Animation Group,96.0,Smallfoot (2018),36,en
403,Second Act,PG-13,Comedy,2018,"December 21, 2018 (United States)",5.8,24000.0,Peter Segal,Justin Zackham,Jennifer Lopez,United States,16000000.0,72294066.0,Huayi Brothers,103.0,Second Act (2018),1,en
404,The Grinch,PG,Animation,2018,"November 9, 2018 (United States)",6.3,58000.0,Yarrow Cheney,Michael LeSieur,Benedict Cumberbatch,France,75000000.0,512492755.0,Universal Pictures,85.0,The Grinch (2018),64,en
405,Action Point,R,Comedy,2018,"June 1, 2018 (United States)",5.1,11000.0,Tim Kirkby,John Altschuler,Johnny Knoxville,United States,19000000.0,5103663.0,Paramount Pictures,85.0,Action Point (2018),1,en
406,Early Man,PG,Animation,2018,"February 16, 2018 (United States)",6.1,21000.0,Nick Park,Mark Burton,Eddie Redmayne,France,50000000.0,54622814.0,Summit Entertainment,89.0,Early Man (2018),1,en
407,Fighting with My Family,PG-13,Biography,2019,"February 22, 2019 (United States)",7.1,71000.0,Stephen Merchant,Stephen Merchant,Dwayne Johnson,United Kingdom,11000000.0,40811919.0,Metro-Goldwyn-Mayer (MGM),108.0,Fighting with My Family (2019),1,en
408,Captain Marvel,PG-13,Action,2019,"March 8, 2019 (United States)",6.8,478000.0,Anna Boden,Anna Boden,Brie Larson,United States,160000000.0,1128462972.0,Walt Disney Pictures,123.0,Captain Marvel (2019),2542,en
409,The Irishman,R,Biography,2019,"November 27, 2019 (United States)",7.8,344000.0,Martin Scorsese,Steven Zaillian,Robert De Niro,United States,159000000.0,968853.0,Tribeca Productions,209.0,The Irishman (2019),14,en
410,Ready or Not,R,Action,2019,"August 21, 2019 (United States)",6.9,121000.0,Matt Bettinelli-Olpin,Guy Busick,Samara Weaving,United States,6000000.0,57615777.0,Fox Searchlight Pictures,95.0,Ready or Not (2019),207,en
411,Dora and the Lost City of Gold,PG,Adventure,2019,"August 9, 2019 (United States)",6.1,27000.0,James Bobin,Nicholas Stoller,Isabela Merced,United States,49000000.0,119682635.0,Paramount Players,102.0,Dora and the Lost City of Gold (2019),19,en
412,The Best of Enemies,PG-13,Biography,2019,"April 5, 2019 (United States)",7.2,13000.0,Robin Bissell,Robin Bissell,Taraji P. Henson,United States,10000000.0,10209813.0,Astute Films,133.0,The Best of Enemies (2019),1,en
413,The Lion King,PG,Animation,2019,"July 19, 2019 (United States)",6.9,222000.0,Jon Favreau,Jeff Nathanson,Donald Glover,United States,260000000.0,1670727580.0,Walt Disney Pictures,118.0,The Lion King (2019),75,en
414,Marriage Story,R,Comedy,2019,"December 6, 2019 (United States)",7.9,265000.0,Noah Baumbach,Noah Baumbach,Adam Driver,United Kingdom,18600000.0,333686.0,Heyday Films,137.0,Marriage Story (2019),348,en
415,Brightburn,R,Drama,2019,"May 24, 2019 (United States)",6.1,87000.0,David Yarovesky,Brian Gunn,Elizabeth Banks,United States,6000000.0,32893421.0,Screen Gems,90.0,Brightburn (2019),26,en
416,Five Feet Apart,PG-13,Drama,2019,"March 15, 2019 (United States)",7.2,51000.0,Justin Baldoni,Mikki Daughtry,Haley Lu Richardson,United States,7000000.0,91527795.0,CBS Films,116.0,Five Feet Apart (2019),12,en
417,Cold Pursuit,R,Action,2019,"February 8, 2019 (United States)",6.2,61000.0,Hans Petter Moland,Frank Baldwin,Liam Neeson,United Kingdom,60000000.0,76419755.0,Summit Entertainment,119.0,Cold Pursuit (2019),4,en
418,Late Night,R,Comedy,2019,"June 14, 2019 (United States)",6.5,33000.0,Nisha Ganatra,Mindy Kaling,Emma Thompson,United States,4000000.0,22386555.0,3 Arts Entertainment,102.0,Late Night (2019),17,en
419,The Goldfinch,R,Drama,2019,"September 13, 2019 (United States)",6.3,19000.0,John Crowley,Peter Straughan,Oakes Fegley,United States,45000000.0,9932621.0,Amazon Studios,149.0,The Goldfinch (2019),790,en
420,Serenity,R,Drama,2019,"January 25, 2019 (United States)",5.4,38000.0,Steven Knight,Steven Knight,Matthew McConaughey,United Kingdom,25000000.0,14454622.0,Blue Budgie Films Limited,106.0,Serenity (2019),19,en
421,Scary Stories to Tell in the Dark,PG-13,Adventure,2019,"August 9, 2019 (United States)",6.2,66000.0,André Øvredal,Dan Hageman,Zoe Margaret Colletti,United States,25000000.0,104545505.0,CBS Films,108.0,Scary Stories to Tell in the Dark (2019),78,en
422,The Kid,R,Biography,2019,"March 8, 2019 (United States)",5.9,7400.0,Vincent D'Onofrio,Vincent D'Onofrio,Jake Schur,United States,8000000.0,1561698.0,Mimran Schur Pictures,100.0,The Kid (2019),3,en
423,Child's Play,R,Drama,2019,"June 21, 2019 (United States)",5.8,47000.0,Lars Klevberg,Tyler Burton Smith,Tim Matheson,Canada,10000000.0,44907074.0,Orion Pictures,90.0,Child's Play (2019),13,en
424,The Hustle,PG-13,Comedy,2019,"May 10, 2019 (United States)",5.4,51000.0,Chris Addison,Stanley Shapiro,Anne Hathaway,United States,21000000.0,95017038.0,Metro-Goldwyn-Mayer (MGM),93.0,The Hustle (2019),4,en
425,Isn't It Romantic,PG-13,Comedy,2019,"February 13, 2019 (United States)",5.9,65000.0,Todd Strauss-Schulson,Erin Cardillo,Rebel Wilson,United States,31000000.0,48791187.0,BRON Studios,89.0,Isn't It Romantic (2019),4,en
426,UglyDolls,PG,Animation,2019,"May 3, 2019 (United States)",5.0,6100.0,Kelly Asbury,Alison Peck,Kelly Clarkson,China,45000000.0,32450241.0,STX Entertainment,87.0,UglyDolls (2019),40,en
427,A Dog's Way Home,PG,Adventure,2019,"January 11, 2019 (United States)",6.7,16000.0,Charles Martin Smith,W. Bruce Cameron,Ashley Judd,China,18000000.0,80708134.0,Bona Film Group,96.0,A Dog's Way Home (2019),1,en
428,The Kid Who Would Be King,PG,Action,2019,"January 25, 2019 (United States)",6.0,15000.0,Joe Cornish,Joe Cornish,Louis Ashbourne Serkis,United Kingdom,59000000.0,32140970.0,Big Talk Productions,120.0,The Kid Who Would Be King (2019),1,en
429,The Prodigy,R,Fantasy,2019,"February 8, 2019 (United States)",5.9,24000.0,Nicholas McCarthy,Jeff Buhler,Taylor Schilling,United States,6000000.0,21150265.0,Orion Pictures,92.0,The Prodigy (2019),3,en
430,The Invisible Man,R,Drama,2020,"February 28, 2020 (United States)",7.1,186000.0,Leigh Whannell,Leigh Whannell,Elisabeth Moss,Canada,7000000.0,143151000.0,Universal Pictures,124.0,The Invisible Man (2020),8,en
